Date,High,Low,Open,Close,Volume,Adj Close,Company,Exchange
2017-01-02,2654.300048828125,2552.0,2642.699951171875,2598.5,323342.0,2336.08447265625,BAJAJ-AUTO,NSE
2017-01-03,2632.199951171875,2561.449951171875,2594.0,2619.199951171875,420196.0,2354.6943359375,BAJAJ-AUTO,NSE
2017-01-04,2698.550048828125,2615.949951171875,2625.199951171875,2684.10009765625,343922.0,2413.040283203125,BAJAJ-AUTO,NSE
2017-01-05,2730.0,2685.0,2694.0,2723.35009765625,188686.0,2448.326416015625,BAJAJ-AUTO,NSE
2017-01-06,2739.89990234375,2696.699951171875,2721.0,2707.35009765625,159484.0,2433.9423828125,BAJAJ-AUTO,NSE
2017-01-09,2746.0,2708.0,2717.0,2723.14990234375,116789.0,2448.146484375,BAJAJ-AUTO,NSE
2017-01-10,2747.300048828125,2712.0,2728.25,2740.75,154097.0,2463.96923828125,BAJAJ-AUTO,NSE
2017-01-11,2748.5,2703.550048828125,2746.5,2718.550048828125,225842.0,2444.01123046875,BAJAJ-AUTO,NSE
2017-01-12,2743.449951171875,2707.64990234375,2715.0,2737.14990234375,243299.0,2460.732666015625,BAJAJ-AUTO,NSE
2017-01-13,2753.75,2691.199951171875,2732.0,2708.550048828125,247719.0,2435.02099609375,BAJAJ-AUTO,NSE
2017-01-16,2730.0,2686.64990234375,2703.0,2721.64990234375,116324.0,2446.7978515625,BAJAJ-AUTO,NSE
2017-01-17,2742.0,2700.0,2711.0,2728.89990234375,139584.0,2453.315673828125,BAJAJ-AUTO,NSE
2017-01-18,2743.0,2687.35009765625,2743.0,2699.699951171875,161391.0,2427.06494140625,BAJAJ-AUTO,NSE
2017-01-19,2712.0,2681.5,2698.89990234375,2695.300048828125,235309.0,2423.109375,BAJAJ-AUTO,NSE
2017-01-20,2720.0,2682.0,2689.0,2701.050048828125,204961.0,2428.27880859375,BAJAJ-AUTO,NSE
2017-01-23,2715.0,2685.0,2695.5,2706.5,147551.0,2433.17822265625,BAJAJ-AUTO,NSE
2017-01-24,2810.0,2701.64990234375,2712.0,2798.949951171875,270474.0,2516.291748046875,BAJAJ-AUTO,NSE
2017-01-25,2866.0,2772.75,2815.0,2849.64990234375,451576.0,2561.87158203125,BAJAJ-AUTO,NSE
2017-01-27,2885.199951171875,2830.0,2840.0,2854.10009765625,194917.0,2565.872314453125,BAJAJ-AUTO,NSE
2017-01-30,2852.0,2808.699951171875,2850.050048828125,2825.050048828125,280860.0,2539.755859375,BAJAJ-AUTO,NSE
2017-01-31,2919.0,2789.300048828125,2821.10009765625,2833.449951171875,902056.0,2547.3076171875,BAJAJ-AUTO,NSE
2017-02-01,2872.0,2812.0,2838.300048828125,2854.14990234375,369867.0,2565.91748046875,BAJAJ-AUTO,NSE
2017-02-02,2858.89990234375,2801.10009765625,2852.0,2807.449951171875,253057.0,2523.93359375,BAJAJ-AUTO,NSE
2017-02-03,2815.39990234375,2789.0,2792.14990234375,2808.10009765625,236258.0,2524.517822265625,BAJAJ-AUTO,NSE
2017-02-06,2825.0,2784.10009765625,2815.35009765625,2799.39990234375,316141.0,2516.696533203125,BAJAJ-AUTO,NSE
2017-02-07,2809.699951171875,2755.0,2802.0,2769.800048828125,321618.0,2490.085693359375,BAJAJ-AUTO,NSE
2017-02-08,2788.0,2760.10009765625,2772.199951171875,2781.89990234375,282631.0,2500.963623046875,BAJAJ-AUTO,NSE
2017-02-09,2810.0,2751.10009765625,2797.39990234375,2784.300048828125,213997.0,2503.121337890625,BAJAJ-AUTO,NSE
2017-02-10,2812.800048828125,2773.64990234375,2795.0,2800.800048828125,165244.0,2517.955078125,BAJAJ-AUTO,NSE
2017-02-13,2817.0,2785.0,2815.0,2806.5,116262.0,2523.079345703125,BAJAJ-AUTO,NSE
2017-02-14,2810.89990234375,2755.14990234375,2806.85009765625,2778.10009765625,287490.0,2497.54736328125,BAJAJ-AUTO,NSE
2017-02-15,2802.300048828125,2765.050048828125,2779.60009765625,2789.60009765625,265709.0,2507.885986328125,BAJAJ-AUTO,NSE
2017-02-16,2799.0,2765.0,2799.0,2783.64990234375,235740.0,2502.536865234375,BAJAJ-AUTO,NSE
2017-02-17,2792.0,2751.0,2773.0,2778.89990234375,437855.0,2498.266357421875,BAJAJ-AUTO,NSE
2017-02-20,2821.449951171875,2764.39990234375,2784.39990234375,2791.5,155317.0,2509.59423828125,BAJAJ-AUTO,NSE
2017-02-21,2806.0,2774.199951171875,2792.0,2799.25,100217.0,2516.5615234375,BAJAJ-AUTO,NSE
2017-02-22,2808.5,2777.050048828125,2793.5,2799.75,422928.0,2517.01123046875,BAJAJ-AUTO,NSE
2017-02-23,2824.449951171875,2786.0,2805.0,2814.10009765625,605474.0,2529.912109375,BAJAJ-AUTO,NSE
2017-02-27,2845.0,2783.550048828125,2810.0,2795.050048828125,318398.0,2512.785888671875,BAJAJ-AUTO,NSE
2017-02-28,2804.25,2751.0,2788.0,2755.89990234375,280728.0,2477.58935546875,BAJAJ-AUTO,NSE
2017-03-01,2795.0,2752.050048828125,2756.0,2769.0,283157.0,2489.366455078125,BAJAJ-AUTO,NSE
2017-03-02,2844.800048828125,2791.550048828125,2805.5,2832.050048828125,705809.0,2546.049072265625,BAJAJ-AUTO,NSE
2017-03-03,2839.0,2807.0,2835.0,2832.800048828125,186815.0,2546.723388671875,BAJAJ-AUTO,NSE
2017-03-06,2896.0,2842.699951171875,2844.89990234375,2883.10009765625,400007.0,2591.94384765625,BAJAJ-AUTO,NSE
2017-03-07,2893.0,2870.5,2885.39990234375,2879.449951171875,194245.0,2588.662353515625,BAJAJ-AUTO,NSE
2017-03-08,2882.89990234375,2851.10009765625,2880.39990234375,2869.949951171875,174051.0,2580.12158203125,BAJAJ-AUTO,NSE
2017-03-09,2884.949951171875,2852.0,2860.0,2870.699951171875,156617.0,2580.796142578125,BAJAJ-AUTO,NSE
2017-03-10,2889.89990234375,2853.25,2876.800048828125,2864.550048828125,114745.0,2575.26708984375,BAJAJ-AUTO,NSE
2017-03-14,2910.0,2854.050048828125,2902.0,2866.699951171875,309456.0,2577.199951171875,BAJAJ-AUTO,NSE
2017-03-15,2890.0,2856.050048828125,2869.699951171875,2873.10009765625,221254.0,2582.953857421875,BAJAJ-AUTO,NSE
2017-03-16,2944.89990234375,2862.5,2881.300048828125,2936.39990234375,431866.0,2639.86083984375,BAJAJ-AUTO,NSE
2017-03-17,2948.699951171875,2890.14990234375,2945.89990234375,2912.5,296053.0,2618.375,BAJAJ-AUTO,NSE
2017-03-20,2932.5,2905.14990234375,2916.14990234375,2923.550048828125,190575.0,2628.308837890625,BAJAJ-AUTO,NSE
2017-03-21,2930.14990234375,2890.10009765625,2926.60009765625,2906.85009765625,214599.0,2613.29541015625,BAJAJ-AUTO,NSE
2017-03-22,2904.10009765625,2845.14990234375,2890.25,2853.800048828125,376780.0,2565.602783203125,BAJAJ-AUTO,NSE
2017-03-23,2875.0,2848.25,2848.25,2865.949951171875,364883.0,2576.525634765625,BAJAJ-AUTO,NSE
2017-03-24,2880.0,2835.050048828125,2880.0,2843.0,218228.0,2555.8935546875,BAJAJ-AUTO,NSE
2017-03-27,2853.0,2795.10009765625,2845.699951171875,2808.39990234375,242914.0,2524.78759765625,BAJAJ-AUTO,NSE
2017-03-28,2838.699951171875,2810.050048828125,2820.0,2824.85009765625,97374.0,2539.576171875,BAJAJ-AUTO,NSE
2017-03-29,2850.0,2796.550048828125,2827.800048828125,2831.10009765625,507170.0,2545.1953125,BAJAJ-AUTO,NSE
2017-03-30,2847.0,2815.0,2840.050048828125,2822.85009765625,369748.0,2537.7783203125,BAJAJ-AUTO,NSE
2017-03-31,2832.699951171875,2800.0,2822.5,2805.449951171875,227360.0,2522.135498046875,BAJAJ-AUTO,NSE
2017-04-03,2837.5,2775.0,2808.39990234375,2783.60009765625,247337.0,2502.4921875,BAJAJ-AUTO,NSE
2017-04-05,2798.949951171875,2754.75,2786.5,2760.85009765625,407700.0,2482.03955078125,BAJAJ-AUTO,NSE
2017-04-06,2815.0,2781.050048828125,2787.85009765625,2806.300048828125,373610.0,2522.899658203125,BAJAJ-AUTO,NSE
2017-04-07,2845.949951171875,2795.39990234375,2808.0,2830.449951171875,413979.0,2544.610595703125,BAJAJ-AUTO,NSE
2017-04-10,2857.449951171875,2822.0,2855.0,2837.0,128113.0,2550.499267578125,BAJAJ-AUTO,NSE
2017-04-11,2834.75,2804.050048828125,2816.14990234375,2822.449951171875,266234.0,2537.418701171875,BAJAJ-AUTO,NSE
2017-04-12,2849.5,2807.0,2820.0,2839.5,324376.0,2552.746826171875,BAJAJ-AUTO,NSE
2017-04-13,2868.5,2840.0,2844.449951171875,2848.14990234375,372385.0,2560.523193359375,BAJAJ-AUTO,NSE
2017-04-17,2858.75,2823.550048828125,2844.89990234375,2852.14990234375,145680.0,2564.119140625,BAJAJ-AUTO,NSE
2017-04-18,2862.699951171875,2800.0,2849.0,2824.39990234375,272356.0,2539.171875,BAJAJ-AUTO,NSE
2017-04-19,2831.0,2788.050048828125,2820.199951171875,2808.699951171875,142477.0,2525.05712890625,BAJAJ-AUTO,NSE
2017-04-20,2848.449951171875,2799.949951171875,2805.0,2831.5,127818.0,2545.5546875,BAJAJ-AUTO,NSE
2017-04-21,2843.199951171875,2814.39990234375,2827.14990234375,2824.300048828125,169580.0,2539.08203125,BAJAJ-AUTO,NSE
2017-04-24,2871.199951171875,2810.14990234375,2827.25,2867.75,172269.0,2578.143798828125,BAJAJ-AUTO,NSE
2017-04-25,2900.0,2851.550048828125,2876.0,2896.800048828125,272704.0,2604.26025390625,BAJAJ-AUTO,NSE
2017-04-26,2915.0,2858.75,2915.0,2885.449951171875,165523.0,2594.056396484375,BAJAJ-AUTO,NSE
2017-04-27,2914.949951171875,2852.0,2870.14990234375,2866.050048828125,312224.0,2576.615478515625,BAJAJ-AUTO,NSE
2017-04-28,2902.0,2854.10009765625,2865.0,2864.0,136681.0,2574.7724609375,BAJAJ-AUTO,NSE
2017-05-02,2920.0,2873.60009765625,2873.60009765625,2898.0,154197.0,2605.339111328125,BAJAJ-AUTO,NSE
2017-05-03,2943.89990234375,2901.550048828125,2909.60009765625,2933.25,176248.0,2637.029296875,BAJAJ-AUTO,NSE
2017-05-04,2947.60009765625,2919.0,2947.60009765625,2942.550048828125,183545.0,2645.39013671875,BAJAJ-AUTO,NSE
2017-05-05,2939.85009765625,2882.0,2939.85009765625,2887.64990234375,146931.0,2596.0341796875,BAJAJ-AUTO,NSE
2017-05-08,2908.39990234375,2851.0,2899.949951171875,2856.949951171875,140340.0,2568.4345703125,BAJAJ-AUTO,NSE
2017-05-09,2887.300048828125,2835.0,2864.25,2873.14990234375,274565.0,2582.99853515625,BAJAJ-AUTO,NSE
2017-05-10,2908.949951171875,2858.10009765625,2880.0,2904.800048828125,150174.0,2611.452392578125,BAJAJ-AUTO,NSE
2017-05-11,3005.449951171875,2897.050048828125,2905.300048828125,2998.449951171875,416000.0,2695.644775390625,BAJAJ-AUTO,NSE
2017-05-12,3018.449951171875,2970.0,3005.0,3004.800048828125,414871.0,2701.353759765625,BAJAJ-AUTO,NSE
2017-05-15,3022.85009765625,2985.10009765625,3005.0,2999.699951171875,106401.0,2696.768798828125,BAJAJ-AUTO,NSE
2017-05-16,3029.0,2967.10009765625,2992.199951171875,3024.0,159021.0,2718.614501953125,BAJAJ-AUTO,NSE
2017-05-17,3047.5,3001.25,3001.25,3039.699951171875,303412.0,2732.729248046875,BAJAJ-AUTO,NSE
2017-05-18,3033.0,2962.050048828125,3018.0,2973.10009765625,513008.0,2672.85498046875,BAJAJ-AUTO,NSE
2017-05-19,3019.0,2946.10009765625,2973.35009765625,2972.64990234375,246957.0,2672.450439453125,BAJAJ-AUTO,NSE
2017-05-22,3003.949951171875,2900.5,2987.699951171875,2914.14990234375,209411.0,2619.858154296875,BAJAJ-AUTO,NSE
2017-05-23,2928.0,2812.0,2928.0,2824.949951171875,482580.0,2539.666015625,BAJAJ-AUTO,NSE
2017-05-24,2866.35009765625,2750.0,2815.0,2764.300048828125,307723.0,2485.14111328125,BAJAJ-AUTO,NSE
2017-05-25,2833.75,2760.89990234375,2764.0,2822.800048828125,389540.0,2537.7333984375,BAJAJ-AUTO,NSE
2017-05-26,2835.0,2797.050048828125,2820.0,2814.10009765625,237938.0,2529.912109375,BAJAJ-AUTO,NSE
2017-05-29,2850.89990234375,2787.75,2813.0,2837.949951171875,155372.0,2551.35302734375,BAJAJ-AUTO,NSE
2017-05-30,2863.949951171875,2822.0,2837.0,2851.39990234375,98514.0,2563.445068359375,BAJAJ-AUTO,NSE
2017-05-31,2866.0,2835.0,2850.0,2845.949951171875,430019.0,2558.54541015625,BAJAJ-AUTO,NSE
2017-06-01,2888.25,2828.300048828125,2848.0,2839.35009765625,246574.0,2552.612060546875,BAJAJ-AUTO,NSE
2017-06-02,2870.0,2772.85009765625,2804.0,2852.85009765625,381642.0,2564.74853515625,BAJAJ-AUTO,NSE
2017-06-05,2930.449951171875,2850.0,2850.0,2898.39990234375,297406.0,2605.6982421875,BAJAJ-AUTO,NSE
2017-06-06,2920.0,2863.0,2900.0,2873.550048828125,136966.0,2583.3583984375,BAJAJ-AUTO,NSE
2017-06-07,2897.550048828125,2852.0,2852.0,2876.0,131500.0,2585.560791015625,BAJAJ-AUTO,NSE
2017-06-08,2895.0,2863.199951171875,2872.199951171875,2868.14990234375,142325.0,2578.50341796875,BAJAJ-AUTO,NSE
2017-06-09,2879.0,2832.550048828125,2872.0,2865.800048828125,178737.0,2576.390869140625,BAJAJ-AUTO,NSE
2017-06-12,2866.39990234375,2818.449951171875,2855.14990234375,2824.60009765625,365323.0,2539.3515625,BAJAJ-AUTO,NSE
2017-06-13,2857.0,2821.699951171875,2825.0,2834.89990234375,146666.0,2548.611328125,BAJAJ-AUTO,NSE
2017-06-14,2838.949951171875,2800.0,2800.0,2825.14990234375,157837.0,2539.845947265625,BAJAJ-AUTO,NSE
2017-06-15,2848.199951171875,2808.550048828125,2819.0,2814.39990234375,131874.0,2530.18115234375,BAJAJ-AUTO,NSE
2017-06-16,2829.699951171875,2801.39990234375,2815.0,2809.800048828125,209497.0,2526.046142578125,BAJAJ-AUTO,NSE
2017-06-19,2894.0,2815.0,2855.0,2827.75,500836.0,2542.183349609375,BAJAJ-AUTO,NSE
2017-06-20,2827.949951171875,2806.5,2810.0,2815.300048828125,274896.0,2530.99072265625,BAJAJ-AUTO,NSE
2017-06-21,2828.10009765625,2790.5,2812.0,2817.5,143712.0,2532.96826171875,BAJAJ-AUTO,NSE
2017-06-22,2851.0,2807.35009765625,2817.5,2845.699951171875,223966.0,2558.320556640625,BAJAJ-AUTO,NSE
2017-06-23,2850.449951171875,2817.0,2850.0,2824.300048828125,154968.0,2539.08203125,BAJAJ-AUTO,NSE
2017-06-27,2829.14990234375,2761.0,2828.449951171875,2779.300048828125,322785.0,2498.626220703125,BAJAJ-AUTO,NSE
2017-06-28,2801.0,2770.199951171875,2789.0,2777.050048828125,284660.0,2496.603271484375,BAJAJ-AUTO,NSE
2017-06-29,2812.0,2779.25,2787.800048828125,2801.300048828125,224331.0,2518.404296875,BAJAJ-AUTO,NSE
2017-06-30,2799.699951171875,2764.449951171875,2796.0,2791.199951171875,266443.0,2509.32421875,BAJAJ-AUTO,NSE
2017-07-03,2793.5,2750.550048828125,2769.0,2789.35009765625,335713.0,2507.661376953125,BAJAJ-AUTO,NSE
2017-07-04,2790.0,2755.0,2790.0,2769.64990234375,331944.0,2489.95068359375,BAJAJ-AUTO,NSE
2017-07-05,2784.449951171875,2751.0,2761.300048828125,2771.25,251283.0,2491.38916015625,BAJAJ-AUTO,NSE
2017-07-06,2741.0,2722.89990234375,2734.0,2728.60009765625,488894.0,2502.717041015625,BAJAJ-AUTO,NSE
2017-07-07,2733.0,2694.5,2716.0,2708.25,290037.0,2484.051513671875,BAJAJ-AUTO,NSE
2017-07-10,2738.89990234375,2712.199951171875,2721.14990234375,2730.64990234375,20707.0,2504.596923828125,BAJAJ-AUTO,NSE
2017-07-11,2803.0,2735.699951171875,2735.699951171875,2792.75,393672.0,2561.55615234375,BAJAJ-AUTO,NSE
2017-07-12,2818.0,2774.300048828125,2801.0,2785.85009765625,288437.0,2555.2275390625,BAJAJ-AUTO,NSE
2017-07-13,2806.75,2780.449951171875,2795.0,2789.75,303857.0,2558.804443359375,BAJAJ-AUTO,NSE
2017-07-14,2816.89990234375,2767.550048828125,2800.0,2809.800048828125,150816.0,2577.19482421875,BAJAJ-AUTO,NSE
2017-07-17,2828.550048828125,2800.0,2819.85009765625,2821.25,134022.0,2587.69677734375,BAJAJ-AUTO,NSE
2017-07-18,2847.89990234375,2818.0,2827.800048828125,2831.75,195878.0,2597.327392578125,BAJAJ-AUTO,NSE
2017-07-19,2835.0,2802.39990234375,2834.0,2823.699951171875,247730.0,2589.94384765625,BAJAJ-AUTO,NSE
2017-07-20,2855.85009765625,2800.10009765625,2823.39990234375,2818.60009765625,675692.0,2585.266357421875,BAJAJ-AUTO,NSE
2017-07-21,2840.699951171875,2806.35009765625,2818.60009765625,2815.800048828125,319397.0,2582.697998046875,BAJAJ-AUTO,NSE
2017-07-24,2834.949951171875,2802.199951171875,2815.0,2826.75,204810.0,2592.74169921875,BAJAJ-AUTO,NSE
2017-07-25,2862.39990234375,2819.25,2840.0,2847.699951171875,220402.0,2611.95703125,BAJAJ-AUTO,NSE
2017-07-26,2852.800048828125,2829.199951171875,2846.0,2841.35009765625,252553.0,2606.133056640625,BAJAJ-AUTO,NSE
2017-07-27,2869.10009765625,2825.050048828125,2849.5,2840.300048828125,306789.0,2605.169921875,BAJAJ-AUTO,NSE
2017-07-28,2867.0,2804.449951171875,2810.0,2828.14990234375,136729.0,2594.025390625,BAJAJ-AUTO,NSE
2017-07-31,2845.0,2785.0,2845.0,2808.550048828125,173664.0,2576.048095703125,BAJAJ-AUTO,NSE
2017-08-01,2830.5,2798.050048828125,2812.0,2823.39990234375,190726.0,2589.668701171875,BAJAJ-AUTO,NSE
2017-08-02,2817.699951171875,2786.0,2789.949951171875,2802.89990234375,298840.0,2570.86572265625,BAJAJ-AUTO,NSE
2017-08-03,2838.699951171875,2800.050048828125,2805.0,2834.25,325945.0,2599.62060546875,BAJAJ-AUTO,NSE
2017-08-04,2900.0,2811.14990234375,2824.0,2874.64990234375,257208.0,2636.676025390625,BAJAJ-AUTO,NSE
2017-08-07,2903.550048828125,2868.35009765625,2875.0,2889.25,169287.0,2650.067626953125,BAJAJ-AUTO,NSE
2017-08-08,2981.0,2876.0,2890.0,2911.60009765625,763401.0,2670.567138671875,BAJAJ-AUTO,NSE
2017-08-09,2929.050048828125,2807.10009765625,2919.5,2831.14990234375,305248.0,2596.777099609375,BAJAJ-AUTO,NSE
2017-08-10,2831.14990234375,2761.0,2818.0,2796.199951171875,497306.0,2564.720703125,BAJAJ-AUTO,NSE
2017-08-11,2798.449951171875,2750.0,2780.0,2788.199951171875,321890.0,2557.3828125,BAJAJ-AUTO,NSE
2017-08-14,2841.800048828125,2786.0,2798.0,2831.60009765625,165120.0,2597.190185546875,BAJAJ-AUTO,NSE
2017-08-16,2861.0,2810.050048828125,2832.0,2849.199951171875,129201.0,2613.3330078125,BAJAJ-AUTO,NSE
2017-08-17,2868.10009765625,2816.0,2850.0,2825.85009765625,152160.0,2591.916259765625,BAJAJ-AUTO,NSE
2017-08-18,2824.300048828125,2791.0,2817.800048828125,2811.35009765625,128913.0,2578.61669921875,BAJAJ-AUTO,NSE
2017-08-21,2820.0,2760.10009765625,2811.0,2766.5,77884.0,2537.47900390625,BAJAJ-AUTO,NSE
2017-08-22,2779.89990234375,2731.550048828125,2779.89990234375,2740.550048828125,80340.0,2513.67724609375,BAJAJ-AUTO,NSE
2017-08-23,2769.89990234375,2720.050048828125,2757.0,2754.64990234375,117188.0,2526.6103515625,BAJAJ-AUTO,NSE
2017-08-24,2764.300048828125,2710.10009765625,2764.300048828125,2728.550048828125,213909.0,2502.6708984375,BAJAJ-AUTO,NSE
2017-08-28,2753.199951171875,2704.0,2740.0,2742.050048828125,227147.0,2515.05322265625,BAJAJ-AUTO,NSE
2017-08-29,2751.199951171875,2715.0,2740.0,2726.60009765625,175171.0,2500.88232421875,BAJAJ-AUTO,NSE
2017-08-30,2766.949951171875,2735.0,2735.0,2750.550048828125,147597.0,2522.849609375,BAJAJ-AUTO,NSE
2017-08-31,2828.449951171875,2731.35009765625,2760.0,2814.5,508660.0,2581.50537109375,BAJAJ-AUTO,NSE
2017-09-01,2935.0,2827.89990234375,2827.89990234375,2916.35009765625,722050.0,2674.924072265625,BAJAJ-AUTO,NSE
2017-09-04,2933.60009765625,2889.949951171875,2916.0,2915.14990234375,345756.0,2673.8232421875,BAJAJ-AUTO,NSE
2017-09-05,2969.699951171875,2905.050048828125,2927.0,2950.699951171875,353285.0,2706.430419921875,BAJAJ-AUTO,NSE
2017-09-06,2939.0,2900.050048828125,2938.0,2920.550048828125,171348.0,2678.7763671875,BAJAJ-AUTO,NSE
2017-09-07,2977.0,2900.949951171875,2940.0,2965.449951171875,292925.0,2719.959228515625,BAJAJ-AUTO,NSE
2017-09-08,2984.5,2906.199951171875,2952.0,2915.449951171875,177449.0,2674.0986328125,BAJAJ-AUTO,NSE
2017-09-11,2948.0,2910.0,2940.0,2929.60009765625,153148.0,2687.077392578125,BAJAJ-AUTO,NSE
2017-09-12,2946.949951171875,2915.0,2939.0,2935.75,139203.0,2692.71826171875,BAJAJ-AUTO,NSE
2017-09-13,2974.0,2920.0,2929.0,2934.949951171875,168435.0,2691.984130859375,BAJAJ-AUTO,NSE
2017-09-14,2956.949951171875,2916.050048828125,2945.0,2928.35009765625,128663.0,2685.9306640625,BAJAJ-AUTO,NSE
2017-09-15,3036.050048828125,2901.5,2918.0,3025.60009765625,578878.0,2775.130126953125,BAJAJ-AUTO,NSE
2017-09-18,3149.0,3045.10009765625,3045.10009765625,3137.39990234375,719616.0,2877.6748046875,BAJAJ-AUTO,NSE
2017-09-19,3155.050048828125,3108.300048828125,3138.0,3115.449951171875,232404.0,2857.5419921875,BAJAJ-AUTO,NSE
2017-09-20,3119.699951171875,3084.199951171875,3115.0,3090.550048828125,179312.0,2834.703369140625,BAJAJ-AUTO,NSE
2017-09-21,3135.0,3068.64990234375,3090.550048828125,3078.85009765625,339952.0,2823.9716796875,BAJAJ-AUTO,NSE
2017-09-22,3084.64990234375,3008.050048828125,3064.0,3042.449951171875,277811.0,2790.585205078125,BAJAJ-AUTO,NSE
2017-09-25,3058.39990234375,3004.800048828125,3058.39990234375,3044.10009765625,412640.0,2792.0986328125,BAJAJ-AUTO,NSE
2017-09-26,3058.0,3030.0,3032.0,3044.89990234375,210821.0,2792.83203125,BAJAJ-AUTO,NSE
2017-09-27,3066.0,3007.0,3055.199951171875,3031.25,271027.0,2780.312255859375,BAJAJ-AUTO,NSE
2017-09-28,3056.0,3019.050048828125,3034.0,3039.449951171875,324106.0,2787.83349609375,BAJAJ-AUTO,NSE
2017-09-29,3138.60009765625,3051.14990234375,3064.0,3109.39990234375,368325.0,2851.99267578125,BAJAJ-AUTO,NSE
2017-10-03,3212.949951171875,3145.64990234375,3186.0,3162.199951171875,481726.0,2900.421630859375,BAJAJ-AUTO,NSE
2017-10-04,3209.0,3129.10009765625,3152.449951171875,3173.5,203556.0,2910.786376953125,BAJAJ-AUTO,NSE
2017-10-05,3190.0,3121.300048828125,3175.0,3130.800048828125,131961.0,2871.621337890625,BAJAJ-AUTO,NSE
2017-10-06,3154.75,3131.0,3145.10009765625,3141.550048828125,125550.0,2881.481201171875,BAJAJ-AUTO,NSE
2017-10-09,3151.89990234375,3118.0,3138.0,3125.449951171875,113070.0,2866.714111328125,BAJAJ-AUTO,NSE
2017-10-10,3142.89990234375,3105.64990234375,3142.89990234375,3134.699951171875,213575.0,2875.1982421875,BAJAJ-AUTO,NSE
2017-10-11,3216.89990234375,3106.0,3134.699951171875,3143.89990234375,432980.0,2883.63671875,BAJAJ-AUTO,NSE
2017-10-12,3173.5,3117.0,3169.949951171875,3155.89990234375,311670.0,2894.643310546875,BAJAJ-AUTO,NSE
2017-10-13,3180.0,3136.0,3164.0,3160.85009765625,255125.0,2899.18359375,BAJAJ-AUTO,NSE
2017-10-16,3239.0,3170.10009765625,3175.0,3224.800048828125,255885.0,2957.839599609375,BAJAJ-AUTO,NSE
2017-10-17,3315.0,3218.64990234375,3235.0,3259.949951171875,920067.0,2990.07958984375,BAJAJ-AUTO,NSE
2017-10-18,3265.0,3208.199951171875,3249.949951171875,3226.800048828125,288969.0,2959.674072265625,BAJAJ-AUTO,NSE
2017-10-19,3240.64990234375,3198.10009765625,3231.89990234375,3217.949951171875,60297.0,2951.556640625,BAJAJ-AUTO,NSE
2017-10-23,3229.0,3158.0,3192.0,3217.64990234375,300953.0,2951.28125,BAJAJ-AUTO,NSE
2017-10-24,3229.0,3195.25,3210.550048828125,3210.050048828125,166189.0,2944.310546875,BAJAJ-AUTO,NSE
2017-10-25,3264.0,3219.550048828125,3264.0,3232.25,123563.0,2964.672607421875,BAJAJ-AUTO,NSE
2017-10-26,3295.0,3211.75,3233.89990234375,3283.39990234375,185904.0,3011.58837890625,BAJAJ-AUTO,NSE
2017-10-27,3344.89990234375,3275.699951171875,3300.0,3300.14990234375,277293.0,3026.95166015625,BAJAJ-AUTO,NSE
2017-10-30,3323.89990234375,3275.0,3310.699951171875,3282.199951171875,139317.0,3010.48779296875,BAJAJ-AUTO,NSE
2017-10-31,3296.0,3250.449951171875,3270.050048828125,3257.10009765625,195420.0,2987.4658203125,BAJAJ-AUTO,NSE
2017-11-01,3293.949951171875,3229.85009765625,3270.0,3239.75,282258.0,2971.552001953125,BAJAJ-AUTO,NSE
2017-11-02,3278.0,3216.550048828125,3277.0,3241.10009765625,199530.0,2972.790283203125,BAJAJ-AUTO,NSE
2017-11-03,3254.0,3211.0,3228.0,3217.449951171875,183308.0,2951.097900390625,BAJAJ-AUTO,NSE
2017-11-06,3244.5,3199.0,3211.0,3209.85009765625,154249.0,2944.127197265625,BAJAJ-AUTO,NSE
2017-11-07,3239.0,3146.050048828125,3239.0,3161.64990234375,281480.0,2899.917236328125,BAJAJ-AUTO,NSE
2017-11-08,3211.14990234375,3162.800048828125,3174.89990234375,3189.050048828125,250148.0,2925.049072265625,BAJAJ-AUTO,NSE
2017-11-09,3216.89990234375,3192.050048828125,3197.949951171875,3200.0,267945.0,2935.092529296875,BAJAJ-AUTO,NSE
2017-11-10,3275.0,3181.449951171875,3200.0,3253.35009765625,416184.0,2984.026123046875,BAJAJ-AUTO,NSE
2017-11-13,3282.699951171875,3215.10009765625,3268.0,3223.0,246148.0,2956.188720703125,BAJAJ-AUTO,NSE
2017-11-14,3287.10009765625,3203.10009765625,3239.699951171875,3266.550048828125,230037.0,2996.13330078125,BAJAJ-AUTO,NSE
2017-11-15,3282.0,3207.25,3260.0,3212.949951171875,165929.0,2946.97021484375,BAJAJ-AUTO,NSE
2017-11-16,3250.0,3187.550048828125,3225.0,3208.85009765625,159508.0,2943.2099609375,BAJAJ-AUTO,NSE
2017-11-17,3246.449951171875,3193.25,3230.0,3206.85009765625,247099.0,2941.37548828125,BAJAJ-AUTO,NSE
2017-11-20,3255.0,3200.0,3200.0,3242.0,209888.0,2973.615478515625,BAJAJ-AUTO,NSE
2017-11-21,3307.0,3251.0,3254.699951171875,3300.25,218921.0,3027.04345703125,BAJAJ-AUTO,NSE
2017-11-22,3348.0,3307.10009765625,3316.949951171875,3313.199951171875,304485.0,3038.92138671875,BAJAJ-AUTO,NSE
2017-11-23,3329.60009765625,3250.0,3324.0,3264.64990234375,149829.0,2994.390625,BAJAJ-AUTO,NSE
2017-11-24,3327.89990234375,3278.949951171875,3310.0,3288.300048828125,336075.0,3016.082763671875,BAJAJ-AUTO,NSE
2017-11-27,3289.0,3255.75,3289.0,3271.39990234375,208372.0,3000.58154296875,BAJAJ-AUTO,NSE
2017-11-28,3307.800048828125,3261.10009765625,3275.0,3289.14990234375,231860.0,3016.8623046875,BAJAJ-AUTO,NSE
2017-11-29,3330.949951171875,3294.0,3301.0,3315.89990234375,287207.0,3041.397705078125,BAJAJ-AUTO,NSE
2017-11-30,3373.800048828125,3285.85009765625,3304.449951171875,3305.5,489763.0,3031.85888671875,BAJAJ-AUTO,NSE
2017-12-01,3339.300048828125,3202.199951171875,3338.0,3216.89990234375,438600.0,2950.593505859375,BAJAJ-AUTO,NSE
2017-12-04,3247.0,3182.800048828125,3246.89990234375,3198.699951171875,177911.0,2933.89990234375,BAJAJ-AUTO,NSE
2017-12-05,3197.699951171875,3145.550048828125,3197.699951171875,3163.89990234375,272147.0,2901.98095703125,BAJAJ-AUTO,NSE
2017-12-06,3155.0,3102.64990234375,3155.0,3109.550048828125,212605.0,2852.13037109375,BAJAJ-AUTO,NSE
2017-12-07,3208.89990234375,3110.64990234375,3110.64990234375,3196.050048828125,292357.0,2931.469482421875,BAJAJ-AUTO,NSE
2017-12-08,3239.949951171875,3200.0,3235.699951171875,3212.64990234375,268936.0,2946.6953125,BAJAJ-AUTO,NSE
2017-12-11,3237.35009765625,3173.800048828125,3216.10009765625,3210.85009765625,175534.0,2945.044677734375,BAJAJ-AUTO,NSE
2017-12-12,3210.85009765625,3156.0,3210.35009765625,3165.699951171875,219008.0,2903.632080078125,BAJAJ-AUTO,NSE
2017-12-13,3196.0,3132.0,3160.0,3151.300048828125,240391.0,2890.424072265625,BAJAJ-AUTO,NSE
2017-12-14,3171.0,3133.199951171875,3160.0,3162.800048828125,168975.0,2900.97216796875,BAJAJ-AUTO,NSE
2017-12-15,3265.0,3163.699951171875,3188.0,3198.800048828125,679114.0,2933.991943359375,BAJAJ-AUTO,NSE
2017-12-18,3240.949951171875,3038.89990234375,3179.89990234375,3226.75,315433.0,2959.628173828125,BAJAJ-AUTO,NSE
2017-12-19,3330.800048828125,3230.14990234375,3235.0,3319.800048828125,423748.0,3044.97509765625,BAJAJ-AUTO,NSE
2017-12-20,3340.0,3269.050048828125,3318.85009765625,3301.199951171875,261149.0,3027.914794921875,BAJAJ-AUTO,NSE
2017-12-21,3320.0,3278.0,3300.0,3289.449951171875,130594.0,3017.1376953125,BAJAJ-AUTO,NSE
2017-12-22,3358.050048828125,3255.550048828125,3277.0,3328.949951171875,307746.0,3053.367431640625,BAJAJ-AUTO,NSE
2017-12-26,3385.0,3312.449951171875,3350.0,3369.0,301225.0,3090.102294921875,BAJAJ-AUTO,NSE
2017-12-27,3385.0,3320.0,3385.0,3339.050048828125,206665.0,3062.631591796875,BAJAJ-AUTO,NSE
2017-12-28,3343.949951171875,3280.0,3327.0,3295.14990234375,251949.0,3022.36572265625,BAJAJ-AUTO,NSE
2017-12-29,3341.0,3285.5,3295.0,3333.60009765625,165478.0,3057.632568359375,BAJAJ-AUTO,NSE
2018-01-01,3345.050048828125,3276.39990234375,3340.0,3289.25,174560.0,3016.954345703125,BAJAJ-AUTO,NSE
2018-01-02,3348.0,3280.0,3309.0,3294.75,297721.0,3021.998779296875,BAJAJ-AUTO,NSE
2018-01-03,3310.199951171875,3231.550048828125,3310.0,3241.050048828125,372267.0,2972.744140625,BAJAJ-AUTO,NSE
2018-01-04,3274.25,3219.0,3244.0,3264.449951171875,256909.0,2994.207275390625,BAJAJ-AUTO,NSE
2018-01-05,3294.0,3244.050048828125,3263.0,3279.85009765625,113508.0,3008.332275390625,BAJAJ-AUTO,NSE
2018-01-08,3296.699951171875,3265.25,3285.10009765625,3275.75,120330.0,3004.571533203125,BAJAJ-AUTO,NSE
2018-01-09,3284.5,3231.050048828125,3276.0,3243.5,324363.0,2974.991455078125,BAJAJ-AUTO,NSE
2018-01-10,3240.0,3200.199951171875,3228.25,3207.39990234375,296961.0,2941.8798828125,BAJAJ-AUTO,NSE
2018-01-11,3220.300048828125,3180.14990234375,3210.0,3193.39990234375,324132.0,2929.0390625,BAJAJ-AUTO,NSE
2018-01-12,3214.0,3152.25,3208.89990234375,3175.35009765625,193239.0,2912.483154296875,BAJAJ-AUTO,NSE
2018-01-15,3189.0,3154.5,3182.199951171875,3166.0,109156.0,2903.9072265625,BAJAJ-AUTO,NSE
2018-01-16,3185.0,3140.050048828125,3176.0,3160.050048828125,175692.0,2898.44970703125,BAJAJ-AUTO,NSE
2018-01-17,3216.60009765625,3154.35009765625,3158.0,3194.14990234375,224799.0,2929.7265625,BAJAJ-AUTO,NSE
2018-01-18,3241.89990234375,3191.0,3210.0,3201.199951171875,282478.0,2936.193359375,BAJAJ-AUTO,NSE
2018-01-19,3223.75,3173.449951171875,3207.800048828125,3210.39990234375,143928.0,2944.631591796875,BAJAJ-AUTO,NSE
2018-01-22,3283.0,3200.0,3200.0,3274.5,223845.0,3003.425048828125,BAJAJ-AUTO,NSE
2018-01-23,3324.0,3272.050048828125,3280.0,3295.949951171875,324780.0,3023.099365234375,BAJAJ-AUTO,NSE
2018-01-24,3349.949951171875,3277.050048828125,3295.0,3341.550048828125,402759.0,3064.924560546875,BAJAJ-AUTO,NSE
2018-01-25,3345.89990234375,3295.0,3344.0,3311.699951171875,246647.0,3037.54541015625,BAJAJ-AUTO,NSE
2018-01-29,3377.949951171875,3293.550048828125,3317.0,3363.89990234375,365342.0,3085.424072265625,BAJAJ-AUTO,NSE
2018-01-30,3404.949951171875,3341.10009765625,3373.949951171875,3358.300048828125,425678.0,3080.287841796875,BAJAJ-AUTO,NSE
2018-01-31,3385.800048828125,3256.14990234375,3348.0,3337.14990234375,275934.0,3060.888671875,BAJAJ-AUTO,NSE
2018-02-01,3421.199951171875,3290.0,3340.0,3412.949951171875,439064.0,3130.413818359375,BAJAJ-AUTO,NSE
2018-02-02,3468.35009765625,3166.949951171875,3419.0,3241.300048828125,1269438.0,2972.9736328125,BAJAJ-AUTO,NSE
2018-02-05,3233.0,3140.60009765625,3200.0,3185.550048828125,585934.0,2921.8388671875,BAJAJ-AUTO,NSE
2018-02-06,3157.949951171875,3005.0,3005.0,3135.10009765625,270751.0,2875.565185546875,BAJAJ-AUTO,NSE
2018-02-07,3198.300048828125,3125.199951171875,3198.300048828125,3135.550048828125,223029.0,2875.97802734375,BAJAJ-AUTO,NSE
2018-02-08,3189.949951171875,3131.89990234375,3155.0,3157.949951171875,202895.0,2896.5234375,BAJAJ-AUTO,NSE
2018-02-09,3142.5,3080.85009765625,3129.0,3099.25,175504.0,2842.68310546875,BAJAJ-AUTO,NSE
2018-02-12,3162.89990234375,3082.0,3134.0,3154.10009765625,239055.0,2892.992431640625,BAJAJ-AUTO,NSE
2018-02-14,3159.949951171875,3100.0,3155.0,3109.75,286070.0,2852.313720703125,BAJAJ-AUTO,NSE
2018-02-15,3167.10009765625,3097.550048828125,3125.0,3143.5,148715.0,2883.269775390625,BAJAJ-AUTO,NSE
2018-02-16,3158.0,3095.550048828125,3158.0,3103.89990234375,132450.0,2846.947998046875,BAJAJ-AUTO,NSE
2018-02-19,3117.5,3010.0,3110.0,3030.60009765625,219206.0,2779.71630859375,BAJAJ-AUTO,NSE
2018-02-20,3070.5,3010.75,3032.0,3049.85009765625,236222.0,2797.37255859375,BAJAJ-AUTO,NSE
2018-02-21,3081.550048828125,3003.10009765625,3080.89990234375,3012.60009765625,275688.0,2763.20654296875,BAJAJ-AUTO,NSE
2018-02-22,3014.800048828125,2966.0,3014.800048828125,2974.300048828125,369716.0,2728.076904296875,BAJAJ-AUTO,NSE
2018-02-23,3007.949951171875,2960.10009765625,2988.0,2986.39990234375,377558.0,2739.175048828125,BAJAJ-AUTO,NSE
2018-02-26,3044.0,3000.89990234375,3004.0,3008.699951171875,203189.0,2759.629150390625,BAJAJ-AUTO,NSE
2018-02-27,3058.0,3022.0,3040.0,3034.699951171875,325597.0,2783.4765625,BAJAJ-AUTO,NSE
2018-02-28,3056.64990234375,2990.0,3010.0,3020.60009765625,519406.0,2770.5439453125,BAJAJ-AUTO,NSE
2018-03-01,3080.0,3008.050048828125,3067.10009765625,3020.89990234375,503301.0,2770.81884765625,BAJAJ-AUTO,NSE
2018-03-05,3020.89990234375,2931.75,3020.89990234375,2943.550048828125,287300.0,2699.872314453125,BAJAJ-AUTO,NSE
2018-03-06,2976.050048828125,2883.25,2969.89990234375,2899.199951171875,258501.0,2659.19384765625,BAJAJ-AUTO,NSE
2018-03-07,2940.0,2875.0,2898.0,2903.89990234375,185188.0,2663.504638671875,BAJAJ-AUTO,NSE
2018-03-08,2945.0,2891.10009765625,2919.699951171875,2923.89990234375,143854.0,2681.848876953125,BAJAJ-AUTO,NSE
2018-03-09,2966.89990234375,2918.14990234375,2934.0,2935.39990234375,205178.0,2692.39697265625,BAJAJ-AUTO,NSE
2018-03-12,2966.0,2931.0,2956.0,2957.75,246428.0,2712.89697265625,BAJAJ-AUTO,NSE
2018-03-13,3004.0,2952.949951171875,2959.0,2971.75,287288.0,2725.73779296875,BAJAJ-AUTO,NSE
2018-03-14,2969.0,2936.0,2963.0,2950.550048828125,225181.0,2706.29296875,BAJAJ-AUTO,NSE
2018-03-15,2971.89990234375,2936.5,2960.0,2948.75,181457.0,2704.64208984375,BAJAJ-AUTO,NSE
2018-03-16,2958.0,2890.35009765625,2940.0,2910.449951171875,338593.0,2669.512451171875,BAJAJ-AUTO,NSE
2018-03-19,2920.85009765625,2842.64990234375,2913.550048828125,2849.449951171875,231927.0,2613.562255859375,BAJAJ-AUTO,NSE
2018-03-20,2888.25,2830.300048828125,2843.89990234375,2873.0,227109.0,2635.162841796875,BAJAJ-AUTO,NSE
2018-03-21,2890.449951171875,2835.35009765625,2889.949951171875,2851.800048828125,231405.0,2615.7177734375,BAJAJ-AUTO,NSE
2018-03-22,2873.75,2822.0,2851.89990234375,2834.949951171875,325295.0,2600.262451171875,BAJAJ-AUTO,NSE
2018-03-23,2817.25,2745.0,2814.89990234375,2789.949951171875,451122.0,2558.98779296875,BAJAJ-AUTO,NSE
2018-03-26,2864.75,2732.050048828125,2788.0,2848.64990234375,299008.0,2612.82861328125,BAJAJ-AUTO,NSE
2018-03-27,2863.89990234375,2791.0,2861.0,2798.300048828125,304403.0,2566.646728515625,BAJAJ-AUTO,NSE
2018-03-28,2792.300048828125,2735.550048828125,2775.0,2744.699951171875,680019.0,2517.48388671875,BAJAJ-AUTO,NSE
2018-04-02,2815.949951171875,2749.0,2755.0,2808.949951171875,396178.0,2576.4150390625,BAJAJ-AUTO,NSE
2018-04-03,2829.89990234375,2785.0,2790.0,2792.0,324121.0,2560.8681640625,BAJAJ-AUTO,NSE
2018-04-04,2816.0,2746.25,2807.0,2766.0,308672.0,2537.020751953125,BAJAJ-AUTO,NSE
2018-04-05,2815.949951171875,2782.39990234375,2790.0,2808.14990234375,341534.0,2575.681396484375,BAJAJ-AUTO,NSE
2018-04-06,2824.050048828125,2776.25,2814.949951171875,2786.39990234375,282872.0,2555.731689453125,BAJAJ-AUTO,NSE
2018-04-09,2803.949951171875,2767.35009765625,2788.0,2772.449951171875,270316.0,2542.936767578125,BAJAJ-AUTO,NSE
2018-04-10,2799.0,2762.449951171875,2790.0,2766.449951171875,298049.0,2537.433349609375,BAJAJ-AUTO,NSE
2018-04-11,2780.0,2751.0,2775.0,2755.550048828125,275482.0,2527.435791015625,BAJAJ-AUTO,NSE
2018-04-12,2780.0,2757.0,2777.0,2763.199951171875,349414.0,2534.452392578125,BAJAJ-AUTO,NSE
2018-04-13,2806.0,2759.25,2769.449951171875,2786.199951171875,400416.0,2555.54833984375,BAJAJ-AUTO,NSE
2018-04-16,2841.449951171875,2776.10009765625,2783.699951171875,2838.300048828125,479220.0,2603.33544921875,BAJAJ-AUTO,NSE
2018-04-17,2875.300048828125,2840.0,2845.0,2864.199951171875,562666.0,2627.091064453125,BAJAJ-AUTO,NSE
2018-04-18,2879.0,2845.699951171875,2879.0,2862.050048828125,352687.0,2625.119384765625,BAJAJ-AUTO,NSE
2018-04-19,2865.0,2841.14990234375,2865.0,2857.949951171875,283973.0,2621.358642578125,BAJAJ-AUTO,NSE
2018-04-20,2870.050048828125,2801.050048828125,2853.800048828125,2852.699951171875,466032.0,2616.543212890625,BAJAJ-AUTO,NSE
2018-04-23,2880.0,2820.0,2852.800048828125,2852.14990234375,235602.0,2616.03857421875,BAJAJ-AUTO,NSE
2018-04-24,2897.300048828125,2850.0,2856.10009765625,2886.800048828125,261691.0,2647.8203125,BAJAJ-AUTO,NSE
2018-04-25,2911.949951171875,2864.550048828125,2885.0,2900.35009765625,319384.0,2660.24853515625,BAJAJ-AUTO,NSE
2018-04-26,2924.0,2877.0,2924.0,2884.949951171875,387123.0,2646.12353515625,BAJAJ-AUTO,NSE
2018-04-27,2960.0,2890.0,2890.0,2947.14990234375,365533.0,2703.17431640625,BAJAJ-AUTO,NSE
2018-04-30,2977.5,2928.85009765625,2972.949951171875,2952.60009765625,122656.0,2708.17333984375,BAJAJ-AUTO,NSE
2018-05-02,3043.39990234375,2950.050048828125,3019.64990234375,2965.949951171875,523589.0,2720.41796875,BAJAJ-AUTO,NSE
2018-05-03,2994.949951171875,2951.10009765625,2994.949951171875,2975.199951171875,382125.0,2728.902099609375,BAJAJ-AUTO,NSE
2018-05-04,2986.0,2885.0,2985.0,2888.64990234375,266727.0,2649.51708984375,BAJAJ-AUTO,NSE
2018-05-07,2942.949951171875,2890.64990234375,2894.0,2915.300048828125,235635.0,2673.961181640625,BAJAJ-AUTO,NSE
2018-05-08,2929.800048828125,2886.0,2915.0,2892.25,132638.0,2652.8193359375,BAJAJ-AUTO,NSE
2018-05-09,2904.699951171875,2865.10009765625,2890.0,2872.0,155763.0,2634.24560546875,BAJAJ-AUTO,NSE
2018-05-10,2894.949951171875,2820.050048828125,2882.0,2827.5,222907.0,2593.429443359375,BAJAJ-AUTO,NSE
2018-05-11,2845.0,2801.0,2845.0,2815.449951171875,286976.0,2582.376953125,BAJAJ-AUTO,NSE
2018-05-14,2850.0,2792.5,2830.0,2831.949951171875,142564.0,2597.510986328125,BAJAJ-AUTO,NSE
2018-05-15,2877.0,2807.75,2819.0,2823.64990234375,256661.0,2589.898193359375,BAJAJ-AUTO,NSE
2018-05-16,2826.800048828125,2785.300048828125,2813.0,2811.89990234375,262982.0,2579.120849609375,BAJAJ-AUTO,NSE
2018-05-17,2830.10009765625,2787.0,2821.0,2815.449951171875,162490.0,2582.376953125,BAJAJ-AUTO,NSE
2018-05-18,2915.0,2755.60009765625,2845.0,2787.5,1811320.0,2556.74072265625,BAJAJ-AUTO,NSE
2018-05-21,2774.949951171875,2703.5,2774.949951171875,2720.550048828125,393470.0,2495.333251953125,BAJAJ-AUTO,NSE
2018-05-22,2826.0,2725.050048828125,2730.0,2808.5,512096.0,2576.00244140625,BAJAJ-AUTO,NSE
2018-05-23,2832.14990234375,2766.0,2821.800048828125,2774.949951171875,243631.0,2545.229736328125,BAJAJ-AUTO,NSE
2018-05-24,2814.60009765625,2716.14990234375,2770.0,2732.800048828125,275197.0,2506.569091796875,BAJAJ-AUTO,NSE
2018-05-25,2775.60009765625,2723.0,2754.949951171875,2758.5,298273.0,2530.1416015625,BAJAJ-AUTO,NSE
2018-05-28,2812.0,2751.0,2762.0,2790.14990234375,160044.0,2559.171142578125,BAJAJ-AUTO,NSE
2018-05-29,2834.949951171875,2761.64990234375,2805.89990234375,2796.050048828125,261407.0,2564.5830078125,BAJAJ-AUTO,NSE
2018-05-30,2794.0,2757.0,2794.0,2762.89990234375,345195.0,2534.17724609375,BAJAJ-AUTO,NSE
2018-05-31,2784.949951171875,2734.10009765625,2775.0,2750.300048828125,447005.0,2522.620361328125,BAJAJ-AUTO,NSE
2018-06-01,2911.39990234375,2778.64990234375,2780.0,2896.550048828125,1799352.0,2656.76318359375,BAJAJ-AUTO,NSE
2018-06-04,2922.550048828125,2871.050048828125,2890.0,2878.5,759197.0,2640.20751953125,BAJAJ-AUTO,NSE
2018-06-05,2884.64990234375,2840.0,2878.5,2847.550048828125,367916.0,2611.81982421875,BAJAJ-AUTO,NSE
2018-06-06,2939.39990234375,2833.64990234375,2850.0,2885.25,654288.0,2646.39892578125,BAJAJ-AUTO,NSE
2018-06-07,2929.0,2862.550048828125,2891.0,2888.60009765625,513700.0,2649.471435546875,BAJAJ-AUTO,NSE
2018-06-08,2900.550048828125,2867.0,2888.0,2874.050048828125,269022.0,2636.1259765625,BAJAJ-AUTO,NSE
2018-06-11,2913.949951171875,2873.800048828125,2886.64990234375,2881.10009765625,413241.0,2642.59228515625,BAJAJ-AUTO,NSE
2018-06-12,2912.5,2870.050048828125,2886.0,2887.25,539628.0,2648.233154296875,BAJAJ-AUTO,NSE
2018-06-13,2934.0,2891.550048828125,2908.0,2907.949951171875,362419.0,2667.219482421875,BAJAJ-AUTO,NSE
2018-06-14,2910.0,2880.14990234375,2905.0,2890.699951171875,333925.0,2651.3974609375,BAJAJ-AUTO,NSE
2018-06-15,2904.0,2853.0,2893.449951171875,2877.14990234375,370164.0,2638.96923828125,BAJAJ-AUTO,NSE
2018-06-18,2917.699951171875,2864.949951171875,2880.0,2895.300048828125,427791.0,2655.61669921875,BAJAJ-AUTO,NSE
2018-06-19,2893.0,2838.550048828125,2893.0,2849.800048828125,523480.0,2613.883544921875,BAJAJ-AUTO,NSE
2018-06-20,2879.0,2855.14990234375,2855.14990234375,2869.64990234375,502478.0,2632.090087890625,BAJAJ-AUTO,NSE
2018-06-21,2877.949951171875,2822.699951171875,2873.050048828125,2830.10009765625,300367.0,2595.814208984375,BAJAJ-AUTO,NSE
2018-06-22,2836.85009765625,2806.0,2825.0,2832.199951171875,553549.0,2597.740234375,BAJAJ-AUTO,NSE
2018-06-25,2839.800048828125,2795.199951171875,2839.800048828125,2801.300048828125,339572.0,2569.398193359375,BAJAJ-AUTO,NSE
2018-06-26,2822.5,2785.550048828125,2805.0,2811.949951171875,249490.0,2579.16650390625,BAJAJ-AUTO,NSE
2018-06-27,2822.949951171875,2758.199951171875,2822.949951171875,2765.449951171875,289628.0,2536.51611328125,BAJAJ-AUTO,NSE
2018-06-28,2785.0,2705.39990234375,2760.0,2716.0,417993.0,2491.15966796875,BAJAJ-AUTO,NSE
2018-06-29,2828.0,2720.14990234375,2720.14990234375,2810.300048828125,425210.0,2577.6533203125,BAJAJ-AUTO,NSE
2018-07-02,2912.0,2815.0,2815.0,2835.14990234375,1007694.0,2600.446044921875,BAJAJ-AUTO,NSE
2018-07-03,2882.0,2835.0,2842.949951171875,2862.39990234375,510764.0,2625.440185546875,BAJAJ-AUTO,NSE
2018-07-04,2989.0,2855.800048828125,2869.949951171875,2979.050048828125,845034.0,2732.433837890625,BAJAJ-AUTO,NSE
2018-07-05,2985.0,2912.699951171875,2935.0,2966.949951171875,752721.0,2777.271240234375,BAJAJ-AUTO,NSE
2018-07-06,3078.25,2950.0,2983.0,3020.10009765625,1511538.0,2827.0234375,BAJAJ-AUTO,NSE
2018-07-09,3083.0,2996.60009765625,3066.60009765625,3018.14990234375,643119.0,2825.197998046875,BAJAJ-AUTO,NSE
2018-07-10,3114.949951171875,3030.0,3049.0,3093.949951171875,959927.0,2896.152099609375,BAJAJ-AUTO,NSE
2018-07-11,3174.949951171875,3057.050048828125,3078.0,3161.60009765625,1155857.0,2959.477294921875,BAJAJ-AUTO,NSE
2018-07-12,3194.949951171875,3070.0,3194.89990234375,3096.699951171875,932430.0,2898.726318359375,BAJAJ-AUTO,NSE
2018-07-13,3156.949951171875,3058.0,3123.0,3138.64990234375,852168.0,2937.994384765625,BAJAJ-AUTO,NSE
2018-07-16,3165.0,3090.949951171875,3137.0,3101.85009765625,374574.0,2903.547119140625,BAJAJ-AUTO,NSE
2018-07-17,3125.949951171875,3085.0,3107.10009765625,3094.199951171875,563857.0,2896.38623046875,BAJAJ-AUTO,NSE
2018-07-18,3160.85009765625,3101.0,3104.0,3107.800048828125,658396.0,2909.11669921875,BAJAJ-AUTO,NSE
2018-07-19,3144.39990234375,3100.0,3107.800048828125,3115.0,755100.0,2915.856201171875,BAJAJ-AUTO,NSE
2018-07-20,3153.800048828125,2816.449951171875,3130.0,2839.60009765625,4976986.0,2658.062744140625,BAJAJ-AUTO,NSE
2018-07-23,2841.60009765625,2655.0,2839.949951171875,2684.14990234375,2974676.0,2512.55078125,BAJAJ-AUTO,NSE
2018-07-24,2725.0,2615.0,2691.0,2648.64990234375,2843387.0,2479.3203125,BAJAJ-AUTO,NSE
2018-07-25,2698.300048828125,2626.0,2670.0,2638.60009765625,1114670.0,2469.912841796875,BAJAJ-AUTO,NSE
2018-07-26,2666.949951171875,2605.0,2646.0,2618.5,1256232.0,2451.097900390625,BAJAJ-AUTO,NSE
2018-07-27,2697.0,2630.0,2637.0,2686.75,958294.0,2514.984619140625,BAJAJ-AUTO,NSE
2018-07-30,2699.0,2655.5,2686.949951171875,2673.14990234375,546935.0,2502.254150390625,BAJAJ-AUTO,NSE
2018-07-31,2715.0,2661.199951171875,2678.0,2700.050048828125,721932.0,2527.434326171875,BAJAJ-AUTO,NSE
2018-08-01,2768.0,2664.10009765625,2717.0,2680.89990234375,1408788.0,2509.508544921875,BAJAJ-AUTO,NSE
2018-08-02,2699.550048828125,2631.050048828125,2680.0,2678.60009765625,617961.0,2507.355712890625,BAJAJ-AUTO,NSE
2018-08-03,2700.0,2675.39990234375,2688.0,2690.449951171875,343254.0,2518.447998046875,BAJAJ-AUTO,NSE
2018-08-06,2716.0,2675.199951171875,2696.0,2687.89990234375,352383.0,2516.06103515625,BAJAJ-AUTO,NSE
2018-08-07,2708.35009765625,2681.550048828125,2700.0,2686.60009765625,272481.0,2514.844482421875,BAJAJ-AUTO,NSE
2018-08-08,2700.0,2653.75,2696.0,2660.60009765625,391732.0,2490.50634765625,BAJAJ-AUTO,NSE
2018-08-09,2686.85009765625,2641.050048828125,2665.0,2658.60009765625,448329.0,2488.634521484375,BAJAJ-AUTO,NSE
2018-08-10,2677.199951171875,2620.0,2667.85009765625,2629.699951171875,417567.0,2461.581787109375,BAJAJ-AUTO,NSE
2018-08-13,2658.0,2606.0,2628.89990234375,2630.85009765625,418212.0,2462.658447265625,BAJAJ-AUTO,NSE
2018-08-14,2656.75,2633.800048828125,2640.0,2646.39990234375,227189.0,2477.214111328125,BAJAJ-AUTO,NSE
2018-08-16,2678.0,2630.0,2640.0,2667.5,654766.0,2496.965087890625,BAJAJ-AUTO,NSE
2018-08-17,2677.949951171875,2641.0,2671.0,2661.35009765625,331427.0,2491.20849609375,BAJAJ-AUTO,NSE
2018-08-20,2746.60009765625,2664.199951171875,2674.0,2735.35009765625,580539.0,2560.477783203125,BAJAJ-AUTO,NSE
2018-08-21,2770.0,2718.60009765625,2750.0,2728.5,463379.0,2554.065673828125,BAJAJ-AUTO,NSE
2018-08-23,2740.0,2675.199951171875,2740.0,2685.550048828125,442939.0,2513.861572265625,BAJAJ-AUTO,NSE
2018-08-24,2697.0,2664.0,2683.89990234375,2682.25,551229.0,2510.7724609375,BAJAJ-AUTO,NSE
2018-08-27,2708.0,2675.0,2691.89990234375,2697.60009765625,270591.0,2525.14111328125,BAJAJ-AUTO,NSE
2018-08-28,2705.0,2671.10009765625,2701.0,2684.39990234375,358078.0,2512.784912109375,BAJAJ-AUTO,NSE
2018-08-29,2702.0,2680.0,2690.0,2689.10009765625,296377.0,2517.184326171875,BAJAJ-AUTO,NSE
2018-08-30,2722.5,2683.449951171875,2700.0,2701.64990234375,582960.0,2528.93212890625,BAJAJ-AUTO,NSE
2018-08-31,2755.0,2705.800048828125,2720.0,2744.85009765625,512215.0,2569.370361328125,BAJAJ-AUTO,NSE
2018-09-03,2807.699951171875,2750.0,2765.0,2771.89990234375,876984.0,2594.69091796875,BAJAJ-AUTO,NSE
2018-09-04,2785.0,2726.550048828125,2779.949951171875,2735.550048828125,549748.0,2560.6650390625,BAJAJ-AUTO,NSE
2018-09-05,2780.050048828125,2725.64990234375,2726.0,2772.300048828125,461142.0,2595.0654296875,BAJAJ-AUTO,NSE
2018-09-06,2808.0,2772.0,2782.0,2783.10009765625,636038.0,2605.175048828125,BAJAJ-AUTO,NSE
2018-09-07,2932.0,2831.050048828125,2843.949951171875,2923.550048828125,1417855.0,2736.64599609375,BAJAJ-AUTO,NSE
2018-09-10,2949.0,2850.10009765625,2924.0,2868.60009765625,1050199.0,2685.208984375,BAJAJ-AUTO,NSE
2018-09-11,2905.0,2825.39990234375,2875.0,2833.699951171875,595570.0,2652.5400390625,BAJAJ-AUTO,NSE
2018-09-12,2886.699951171875,2811.5,2836.0,2867.949951171875,448143.0,2684.600341796875,BAJAJ-AUTO,NSE
2018-09-14,2909.89990234375,2865.5,2885.0,2877.5,393663.0,2693.5400390625,BAJAJ-AUTO,NSE
2018-09-17,2879.89990234375,2840.050048828125,2864.0,2860.64990234375,133182.0,2677.76708984375,BAJAJ-AUTO,NSE
2018-09-18,2869.0,2762.25,2850.0,2773.800048828125,409367.0,2596.469482421875,BAJAJ-AUTO,NSE
2018-09-19,2829.949951171875,2775.0,2778.0,2790.10009765625,327618.0,2611.7275390625,BAJAJ-AUTO,NSE
2018-09-21,2843.0,2673.0,2806.0,2799.199951171875,466306.0,2620.24560546875,BAJAJ-AUTO,NSE
2018-09-24,2813.699951171875,2750.0,2800.0,2759.300048828125,485510.0,2582.896484375,BAJAJ-AUTO,NSE
2018-09-25,2801.85009765625,2727.10009765625,2727.10009765625,2788.699951171875,348703.0,2610.416748046875,BAJAJ-AUTO,NSE
2018-09-26,2808.75,2743.60009765625,2796.5,2773.300048828125,494874.0,2596.00146484375,BAJAJ-AUTO,NSE
2018-09-27,2826.0,2758.39990234375,2773.39990234375,2783.550048828125,565518.0,2605.59619140625,BAJAJ-AUTO,NSE
2018-09-28,2807.949951171875,2636.0,2798.0,2687.449951171875,892679.0,2515.639892578125,BAJAJ-AUTO,NSE
2018-10-01,2745.0,2619.60009765625,2687.0,2730.10009765625,610220.0,2555.563232421875,BAJAJ-AUTO,NSE
2018-10-03,2769.89990234375,2702.0,2735.0,2731.39990234375,504580.0,2556.780029296875,BAJAJ-AUTO,NSE
2018-10-04,2719.5,2626.25,2687.0,2657.0,638156.0,2487.136474609375,BAJAJ-AUTO,NSE
2018-10-05,2635.0,2520.0,2635.0,2543.050048828125,947343.0,2380.471435546875,BAJAJ-AUTO,NSE
2018-10-08,2604.10009765625,2501.25,2526.050048828125,2584.10009765625,667297.0,2418.897216796875,BAJAJ-AUTO,NSE
2018-10-09,2590.050048828125,2530.300048828125,2590.0,2548.85009765625,309578.0,2385.900634765625,BAJAJ-AUTO,NSE
2018-10-10,2628.89990234375,2556.0,2560.0,2581.800048828125,699121.0,2416.744140625,BAJAJ-AUTO,NSE
2018-10-11,2555.89990234375,2505.449951171875,2540.0,2525.800048828125,386992.0,2364.32421875,BAJAJ-AUTO,NSE
2018-10-12,2648.949951171875,2530.10009765625,2549.5,2623.050048828125,510424.0,2455.357177734375,BAJAJ-AUTO,NSE
2018-10-15,2647.39990234375,2576.10009765625,2644.0,2620.449951171875,176677.0,2452.923095703125,BAJAJ-AUTO,NSE
2018-10-16,2648.0,2605.0,2638.0,2610.5,257469.0,2443.609375,BAJAJ-AUTO,NSE
2018-10-17,2649.64990234375,2538.0,2638.0,2547.800048828125,285116.0,2384.917724609375,BAJAJ-AUTO,NSE
2018-10-19,2542.85009765625,2480.0,2535.25,2510.25,470172.0,2349.7685546875,BAJAJ-AUTO,NSE
2018-10-22,2574.699951171875,2496.699951171875,2530.10009765625,2556.89990234375,321452.0,2393.435791015625,BAJAJ-AUTO,NSE
2018-10-23,2598.699951171875,2526.0,2540.0,2586.5,342563.0,2421.143798828125,BAJAJ-AUTO,NSE
2018-10-24,2619.89990234375,2456.60009765625,2615.0,2475.14990234375,1669762.0,2316.912353515625,BAJAJ-AUTO,NSE
2018-10-25,2498.699951171875,2420.0,2455.0,2477.550048828125,913688.0,2319.158935546875,BAJAJ-AUTO,NSE
2018-10-26,2533.60009765625,2446.699951171875,2483.0,2513.75,498124.0,2353.044677734375,BAJAJ-AUTO,NSE
2018-10-29,2558.35009765625,2474.25,2533.0,2549.10009765625,388894.0,2386.134765625,BAJAJ-AUTO,NSE
2018-10-30,2583.0,2532.89990234375,2554.0,2556.25,270336.0,2392.827392578125,BAJAJ-AUTO,NSE
2018-10-31,2614.0,2486.14990234375,2550.0,2593.699951171875,552796.0,2427.88330078125,BAJAJ-AUTO,NSE
2018-11-01,2619.0,2568.050048828125,2613.10009765625,2598.85009765625,356883.0,2432.704345703125,BAJAJ-AUTO,NSE
2018-11-02,2700.0,2620.0,2620.0,2657.75,769311.0,2487.838623046875,BAJAJ-AUTO,NSE
2018-11-05,2687.449951171875,2622.550048828125,2670.0,2672.550048828125,222067.0,2501.692626953125,BAJAJ-AUTO,NSE
2018-11-06,2698.0,2658.949951171875,2673.199951171875,2674.60009765625,278587.0,2503.611572265625,BAJAJ-AUTO,NSE
2018-11-07,2695.0,2681.14990234375,2694.0,2692.550048828125,38824.0,2520.413818359375,BAJAJ-AUTO,NSE
2018-11-09,2745.0,2673.5,2680.0,2693.050048828125,344335.0,2520.8818359375,BAJAJ-AUTO,NSE
2018-11-12,2726.0,2640.949951171875,2700.0,2652.300048828125,272808.0,2482.7373046875,BAJAJ-AUTO,NSE
2018-11-13,2673.39990234375,2613.0,2649.0,2665.5,305897.0,2495.09326171875,BAJAJ-AUTO,NSE
2018-11-14,2714.89990234375,2652.0,2675.0,2676.5,302299.0,2505.389892578125,BAJAJ-AUTO,NSE
2018-11-15,2699.0,2661.10009765625,2681.0,2668.85009765625,240745.0,2498.22900390625,BAJAJ-AUTO,NSE
2018-11-16,2705.89990234375,2675.14990234375,2680.0,2695.35009765625,317881.0,2523.034912109375,BAJAJ-AUTO,NSE
2018-11-19,2708.0,2670.0,2704.0,2679.64990234375,209883.0,2508.33837890625,BAJAJ-AUTO,NSE
2018-11-20,2679.64990234375,2655.0,2679.64990234375,2666.5,146989.0,2496.029296875,BAJAJ-AUTO,NSE
2018-11-21,2673.0,2591.10009765625,2673.0,2604.64990234375,381149.0,2438.13330078125,BAJAJ-AUTO,NSE
2018-11-22,2624.0,2580.800048828125,2600.0,2590.35009765625,373650.0,2424.74755859375,BAJAJ-AUTO,NSE
2018-11-26,2662.89990234375,2576.0,2606.0,2649.5,376778.0,2480.1162109375,BAJAJ-AUTO,NSE
2018-11-27,2643.949951171875,2570.89990234375,2642.0,2599.64990234375,437591.0,2433.452880859375,BAJAJ-AUTO,NSE
2018-11-28,2625.0,2584.0,2612.0,2603.89990234375,285713.0,2437.43115234375,BAJAJ-AUTO,NSE
2018-11-29,2737.0,2602.050048828125,2633.0,2724.0,763933.0,2549.853271484375,BAJAJ-AUTO,NSE
2018-11-30,2769.699951171875,2702.0,2721.0,2745.699951171875,690175.0,2570.165771484375,BAJAJ-AUTO,NSE
2018-12-03,2764.949951171875,2714.0,2760.0,2736.0,386060.0,2561.0859375,BAJAJ-AUTO,NSE
2018-12-04,2790.0,2726.25,2740.10009765625,2763.85009765625,395469.0,2587.15576171875,BAJAJ-AUTO,NSE
2018-12-05,2774.5,2731.10009765625,2759.0,2764.10009765625,178352.0,2587.3896484375,BAJAJ-AUTO,NSE
2018-12-06,2799.39990234375,2705.85009765625,2740.0,2718.10009765625,468440.0,2544.33056640625,BAJAJ-AUTO,NSE
2018-12-07,2793.0,2716.300048828125,2722.0,2786.199951171875,417465.0,2608.07666015625,BAJAJ-AUTO,NSE
2018-12-10,2769.949951171875,2702.800048828125,2713.0,2725.10009765625,274974.0,2550.883056640625,BAJAJ-AUTO,NSE
2018-12-11,2760.0,2685.0,2710.0,2739.60009765625,370479.0,2564.4560546875,BAJAJ-AUTO,NSE
2018-12-12,2858.0,2738.64990234375,2742.0,2848.39990234375,552031.0,2666.300048828125,BAJAJ-AUTO,NSE
2018-12-13,2885.64990234375,2821.699951171875,2860.0,2836.10009765625,466453.0,2654.78662109375,BAJAJ-AUTO,NSE
2018-12-14,2837.35009765625,2785.199951171875,2836.0,2823.14990234375,465457.0,2642.66455078125,BAJAJ-AUTO,NSE
2018-12-17,2853.0,2826.10009765625,2833.0,2840.949951171875,225455.0,2659.326416015625,BAJAJ-AUTO,NSE
2018-12-18,2873.800048828125,2822.050048828125,2840.0,2840.89990234375,443162.0,2659.27978515625,BAJAJ-AUTO,NSE
2018-12-19,2882.0,2845.050048828125,2853.89990234375,2863.0,393269.0,2679.966796875,BAJAJ-AUTO,NSE
2018-12-20,2900.0,2832.0,2855.0,2887.199951171875,288162.0,2702.619873046875,BAJAJ-AUTO,NSE
2018-12-21,2905.0,2801.0,2897.0,2808.449951171875,386367.0,2628.904296875,BAJAJ-AUTO,NSE
2018-12-24,2832.699951171875,2715.85009765625,2825.5,2724.64990234375,348337.0,2550.46142578125,BAJAJ-AUTO,NSE
2018-12-26,2749.800048828125,2670.0,2713.699951171875,2734.60009765625,410582.0,2559.775634765625,BAJAJ-AUTO,NSE
2018-12-27,2764.0,2696.60009765625,2763.89990234375,2737.0,558049.0,2562.022216796875,BAJAJ-AUTO,NSE
2018-12-28,2759.949951171875,2711.75,2753.89990234375,2717.5,358369.0,2543.768798828125,BAJAJ-AUTO,NSE
2018-12-31,2763.0,2710.0,2738.0,2720.14990234375,406069.0,2546.249267578125,BAJAJ-AUTO,NSE
2019-01-01,2743.39990234375,2705.0,2735.0,2726.64990234375,304150.0,2552.333740234375,BAJAJ-AUTO,NSE
2019-01-02,2747.25,2677.0,2720.0,2692.0,599274.0,2519.89892578125,BAJAJ-AUTO,NSE
2019-01-03,2723.85009765625,2682.10009765625,2690.10009765625,2701.35009765625,310511.0,2528.6513671875,BAJAJ-AUTO,NSE
2019-01-04,2742.0,2702.10009765625,2714.0,2734.199951171875,362393.0,2559.401123046875,BAJAJ-AUTO,NSE
2019-01-07,2740.0,2645.0,2739.89990234375,2658.550048828125,462215.0,2488.58740234375,BAJAJ-AUTO,NSE
2019-01-08,2700.0,2635.5,2667.0,2694.85009765625,486654.0,2522.56689453125,BAJAJ-AUTO,NSE
2019-01-09,2710.0,2672.5,2702.5,2696.89990234375,285560.0,2524.485595703125,BAJAJ-AUTO,NSE
2019-01-10,2729.0,2680.0,2700.0,2725.300048828125,277585.0,2551.0703125,BAJAJ-AUTO,NSE
2019-01-11,2738.699951171875,2700.85009765625,2728.0,2720.949951171875,259834.0,2546.998291015625,BAJAJ-AUTO,NSE
2019-01-14,2747.199951171875,2676.449951171875,2718.0,2699.14990234375,170937.0,2526.591796875,BAJAJ-AUTO,NSE
2019-01-15,2734.800048828125,2705.0,2705.0,2725.85009765625,169721.0,2551.585205078125,BAJAJ-AUTO,NSE
2019-01-16,2736.0,2706.0,2736.0,2717.449951171875,218357.0,2543.721923828125,BAJAJ-AUTO,NSE
2019-01-17,2739.800048828125,2700.800048828125,2722.0,2729.64990234375,230784.0,2555.14208984375,BAJAJ-AUTO,NSE
2019-01-18,2746.5,2696.64990234375,2741.0,2720.75,269686.0,2546.81103515625,BAJAJ-AUTO,NSE
2019-01-21,2724.75,2670.0,2724.75,2684.60009765625,303893.0,2512.97216796875,BAJAJ-AUTO,NSE
2019-01-22,2695.0,2650.10009765625,2685.0,2688.35009765625,273441.0,2516.482421875,BAJAJ-AUTO,NSE
2019-01-23,2699.0,2665.10009765625,2699.0,2674.10009765625,205104.0,2503.1435546875,BAJAJ-AUTO,NSE
2019-01-24,2684.0,2635.0,2684.0,2651.64990234375,183566.0,2482.128662109375,BAJAJ-AUTO,NSE
2019-01-25,2672.0,2614.050048828125,2622.300048828125,2626.35009765625,304062.0,2458.4462890625,BAJAJ-AUTO,NSE
2019-01-28,2634.0,2545.0,2629.949951171875,2565.550048828125,332409.0,2401.532958984375,BAJAJ-AUTO,NSE
2019-01-29,2597.14990234375,2522.449951171875,2563.0,2567.64990234375,424856.0,2403.498779296875,BAJAJ-AUTO,NSE
2019-01-30,2653.35009765625,2485.0,2571.0,2499.699951171875,2450943.0,2339.892822265625,BAJAJ-AUTO,NSE
2019-01-31,2570.0,2461.10009765625,2501.14990234375,2554.550048828125,1102133.0,2391.236328125,BAJAJ-AUTO,NSE
2019-02-01,2670.0,2543.0,2560.0,2602.75,1028186.0,2436.354736328125,BAJAJ-AUTO,NSE
2019-02-04,2672.39990234375,2565.449951171875,2610.0,2642.5,817279.0,2473.5634765625,BAJAJ-AUTO,NSE
2019-02-05,2720.0,2645.0,2647.0,2710.64990234375,469089.0,2537.356689453125,BAJAJ-AUTO,NSE
2019-02-06,2785.0,2714.14990234375,2715.0,2770.14990234375,495030.0,2593.052734375,BAJAJ-AUTO,NSE
2019-02-07,2872.0,2772.14990234375,2785.0,2853.60009765625,983573.0,2671.16796875,BAJAJ-AUTO,NSE
2019-02-08,2879.10009765625,2831.199951171875,2852.0,2851.39990234375,1004870.0,2669.1083984375,BAJAJ-AUTO,NSE
2019-02-11,2870.0,2819.050048828125,2850.0,2853.60009765625,712787.0,2671.16796875,BAJAJ-AUTO,NSE
2019-02-12,2854.0,2819.5,2845.60009765625,2832.35009765625,280913.0,2651.276611328125,BAJAJ-AUTO,NSE
2019-02-14,2875.0,2811.25,2820.0,2823.10009765625,372416.0,2642.61767578125,BAJAJ-AUTO,NSE
2019-02-15,2850.0,2805.050048828125,2825.14990234375,2825.949951171875,867192.0,2645.28564453125,BAJAJ-AUTO,NSE
2019-02-18,2835.0,2767.800048828125,2830.0,2793.5,296237.0,2614.91015625,BAJAJ-AUTO,NSE
2019-02-19,2825.0,2777.5,2801.0,2787.85009765625,185862.0,2609.621337890625,BAJAJ-AUTO,NSE
2019-02-20,2798.0,2737.25,2788.0,2774.699951171875,428139.0,2597.31201171875,BAJAJ-AUTO,NSE
2019-02-21,2829.89990234375,2751.699951171875,2770.0,2813.949951171875,281964.0,2634.052734375,BAJAJ-AUTO,NSE
2019-02-22,2847.0,2801.85009765625,2825.0,2816.85009765625,431535.0,2636.767333984375,BAJAJ-AUTO,NSE
2019-02-25,2854.699951171875,2816.89990234375,2817.0,2847.550048828125,322524.0,2665.5048828125,BAJAJ-AUTO,NSE
2019-02-26,2870.0,2812.0,2834.0,2859.300048828125,369292.0,2676.503662109375,BAJAJ-AUTO,NSE
2019-02-27,2941.0,2870.0,2870.0,2914.699951171875,861033.0,2728.361572265625,BAJAJ-AUTO,NSE
2019-02-28,2933.800048828125,2864.0,2930.0,2900.60009765625,1246854.0,2715.163330078125,BAJAJ-AUTO,NSE
2019-03-01,2943.0,2856.199951171875,2914.0,2863.5,1008494.0,2680.434814453125,BAJAJ-AUTO,NSE
2019-03-05,2917.39990234375,2814.800048828125,2835.050048828125,2903.75,632301.0,2718.111572265625,BAJAJ-AUTO,NSE
2019-03-06,2942.0,2876.25,2895.64990234375,2927.60009765625,748391.0,2740.437255859375,BAJAJ-AUTO,NSE
2019-03-07,2927.0,2900.0,2927.0,2919.89990234375,392086.0,2733.229248046875,BAJAJ-AUTO,NSE
2019-03-08,2964.60009765625,2900.050048828125,2910.0,2955.699951171875,754427.0,2766.740478515625,BAJAJ-AUTO,NSE
2019-03-11,3012.0,2936.89990234375,2970.0,3000.550048828125,1147194.0,2808.72314453125,BAJAJ-AUTO,NSE
2019-03-12,3020.800048828125,2981.35009765625,3012.0,2996.10009765625,503545.0,2804.5576171875,BAJAJ-AUTO,NSE
2019-03-13,3047.199951171875,2990.0,3002.0,3010.0,565499.0,2817.569091796875,BAJAJ-AUTO,NSE
2019-03-14,3025.0,2970.0,3012.0,3016.85009765625,985558.0,2823.9814453125,BAJAJ-AUTO,NSE
2019-03-15,3032.199951171875,2980.0,3002.10009765625,3023.800048828125,538508.0,2830.48681640625,BAJAJ-AUTO,NSE
2019-03-18,3047.800048828125,2992.10009765625,3026.89990234375,3005.14990234375,341148.0,2813.029052734375,BAJAJ-AUTO,NSE
2019-03-19,3008.0,2945.0,3008.0,2974.699951171875,545621.0,2784.52587890625,BAJAJ-AUTO,NSE
2019-03-20,2969.800048828125,2920.050048828125,2969.800048828125,2949.64990234375,834351.0,2761.0771484375,BAJAJ-AUTO,NSE
2019-03-22,2998.85009765625,2930.050048828125,2960.0,2949.75,622630.0,2761.1708984375,BAJAJ-AUTO,NSE
2019-03-25,2965.60009765625,2915.25,2934.800048828125,2957.949951171875,319510.0,2768.8466796875,BAJAJ-AUTO,NSE
2019-03-26,2968.0,2939.0,2961.050048828125,2952.800048828125,322020.0,2764.026123046875,BAJAJ-AUTO,NSE
2019-03-27,2995.0,2950.0,2965.0,2980.10009765625,402423.0,2789.58056640625,BAJAJ-AUTO,NSE
2019-03-28,3020.449951171875,2915.0,2989.0,2948.800048828125,1800550.0,2760.28173828125,BAJAJ-AUTO,NSE
2019-04-01,2950.0,2901.5,2947.949951171875,2915.64990234375,679984.0,2729.250732421875,BAJAJ-AUTO,NSE
2019-04-02,2938.35009765625,2842.0,2918.0,2853.10009765625,938624.0,2670.699951171875,BAJAJ-AUTO,NSE
2019-04-03,2877.10009765625,2831.0,2860.0,2847.300048828125,484790.0,2665.270751953125,BAJAJ-AUTO,NSE
2019-04-04,2884.050048828125,2850.0,2862.0,2859.10009765625,662281.0,2676.31640625,BAJAJ-AUTO,NSE
2019-04-05,2880.0,2852.25,2869.64990234375,2861.64990234375,272382.0,2678.703125,BAJAJ-AUTO,NSE
2019-04-08,2876.0,2842.0,2876.0,2853.35009765625,213351.0,2670.933837890625,BAJAJ-AUTO,NSE
2019-04-09,2929.85009765625,2838.0,2860.0,2924.800048828125,492843.0,2737.816162109375,BAJAJ-AUTO,NSE
2019-04-10,2952.0,2910.35009765625,2917.949951171875,2942.89990234375,530788.0,2754.7587890625,BAJAJ-AUTO,NSE
2019-04-11,3000.0,2939.0,2940.89990234375,2993.699951171875,400118.0,2802.311279296875,BAJAJ-AUTO,NSE
2019-04-12,3025.949951171875,2975.25,2991.800048828125,3008.14990234375,438822.0,2815.83740234375,BAJAJ-AUTO,NSE
2019-04-15,3046.0,2992.0,3013.0,3035.050048828125,271376.0,2841.017578125,BAJAJ-AUTO,NSE
2019-04-16,3074.89990234375,3032.199951171875,3045.0,3068.449951171875,371767.0,2872.2822265625,BAJAJ-AUTO,NSE
2019-04-18,3089.89990234375,3041.199951171875,3069.0,3069.5,365773.0,2873.26513671875,BAJAJ-AUTO,NSE
2019-04-22,3079.0,3041.5,3055.5,3051.199951171875,186563.0,2856.135009765625,BAJAJ-AUTO,NSE
2019-04-23,3070.0,3010.699951171875,3050.0,3039.14990234375,360759.0,2844.85546875,BAJAJ-AUTO,NSE
2019-04-24,3082.85009765625,3025.199951171875,3035.0,3075.800048828125,524013.0,2879.16259765625,BAJAJ-AUTO,NSE
2019-04-25,3110.0,3027.60009765625,3073.949951171875,3088.050048828125,509586.0,2890.62939453125,BAJAJ-AUTO,NSE
2019-04-26,3095.0,3030.0,3080.0,3044.64990234375,268298.0,2850.00390625,BAJAJ-AUTO,NSE
2019-04-30,3050.0,2942.89990234375,3045.0,2984.10009765625,654107.0,2793.3251953125,BAJAJ-AUTO,NSE
2019-05-02,3040.0,2958.699951171875,2989.0,3030.550048828125,670855.0,2836.805419921875,BAJAJ-AUTO,NSE
2019-05-03,3066.0,3020.0,3028.0,3059.75,446730.0,2864.138427734375,BAJAJ-AUTO,NSE
2019-05-06,3054.0,3013.0,3054.0,3026.199951171875,259117.0,2832.7333984375,BAJAJ-AUTO,NSE
2019-05-07,3053.0,3021.300048828125,3026.0,3033.050048828125,244684.0,2839.1455078125,BAJAJ-AUTO,NSE
2019-05-08,3033.0,2951.800048828125,3032.0,2957.75,427476.0,2768.659423828125,BAJAJ-AUTO,NSE
2019-05-09,2993.5,2932.300048828125,2950.0,2982.89990234375,348293.0,2792.201416015625,BAJAJ-AUTO,NSE
2019-05-10,3008.0,2954.35009765625,2980.5,2966.199951171875,241374.0,2776.5693359375,BAJAJ-AUTO,NSE
2019-05-13,2999.0,2947.25,2970.35009765625,2972.75,233316.0,2782.70068359375,BAJAJ-AUTO,NSE
2019-05-14,2969.0,2901.0,2960.0,2937.199951171875,309971.0,2749.42333984375,BAJAJ-AUTO,NSE
2019-05-15,2949.449951171875,2901.35009765625,2937.25,2914.449951171875,320831.0,2728.127685546875,BAJAJ-AUTO,NSE
2019-05-16,2958.449951171875,2908.0,2928.0,2942.64990234375,218733.0,2754.524658203125,BAJAJ-AUTO,NSE
2019-05-17,3149.949951171875,2935.14990234375,2950.0,3040.050048828125,1993105.0,2845.697998046875,BAJAJ-AUTO,NSE
2019-05-20,3087.949951171875,2951.0,3087.949951171875,3006.300048828125,1022048.0,2814.105712890625,BAJAJ-AUTO,NSE
2019-05-21,3043.89990234375,2969.050048828125,3014.0,2979.300048828125,447168.0,2788.831787109375,BAJAJ-AUTO,NSE
2019-05-22,3054.0,2973.14990234375,2980.050048828125,3047.199951171875,493470.0,2852.390869140625,BAJAJ-AUTO,NSE
2019-05-23,3085.0,3028.699951171875,3075.0,3065.0,576440.0,2869.052978515625,BAJAJ-AUTO,NSE
2019-05-24,3098.89990234375,3005.0,3065.0,3077.89990234375,529984.0,2881.128173828125,BAJAJ-AUTO,NSE
2019-05-27,3090.0,3031.0,3085.10009765625,3066.89990234375,341393.0,2870.831298828125,BAJAJ-AUTO,NSE
2019-05-28,3108.35009765625,2962.39990234375,3067.0,2988.0,921394.0,2796.9755859375,BAJAJ-AUTO,NSE
2019-05-29,2990.0,2920.0,2990.0,2925.5,531761.0,2738.47119140625,BAJAJ-AUTO,NSE
2019-05-30,2980.0,2920.64990234375,2942.0,2945.0,938395.0,2756.724609375,BAJAJ-AUTO,NSE
2019-05-31,2978.75,2915.300048828125,2953.0,2925.89990234375,376941.0,2738.845458984375,BAJAJ-AUTO,NSE
2019-06-03,3077.949951171875,2904.60009765625,2945.0,3034.60009765625,1302391.0,2840.5966796875,BAJAJ-AUTO,NSE
2019-06-04,3029.300048828125,2970.39990234375,3026.199951171875,2983.89990234375,450220.0,2793.1376953125,BAJAJ-AUTO,NSE
2019-06-06,3027.89990234375,2960.0,3002.0,2991.64990234375,481570.0,2800.392333984375,BAJAJ-AUTO,NSE
2019-06-07,3006.64990234375,2953.449951171875,2999.949951171875,2961.39990234375,212676.0,2772.075927734375,BAJAJ-AUTO,NSE
2019-06-10,2999.0,2963.60009765625,2976.0,2989.800048828125,155660.0,2798.660400390625,BAJAJ-AUTO,NSE
2019-06-11,3025.0,2981.0,3003.800048828125,2987.14990234375,355284.0,2796.1796875,BAJAJ-AUTO,NSE
2019-06-12,2997.050048828125,2931.300048828125,2991.0,2944.5,273834.0,2756.256591796875,BAJAJ-AUTO,NSE
2019-06-13,2955.0,2901.25,2951.0,2922.64990234375,224615.0,2735.803466796875,BAJAJ-AUTO,NSE
2019-06-14,2935.0,2865.0,2927.0,2872.550048828125,353978.0,2688.906494140625,BAJAJ-AUTO,NSE
2019-06-17,2870.0,2827.800048828125,2865.050048828125,2836.199951171875,314402.0,2654.880126953125,BAJAJ-AUTO,NSE
2019-06-18,2882.050048828125,2837.0,2837.0,2855.60009765625,308511.0,2673.040283203125,BAJAJ-AUTO,NSE
2019-06-19,2884.0,2803.0,2870.0,2822.89990234375,294638.0,2642.430419921875,BAJAJ-AUTO,NSE
2019-06-20,2906.89990234375,2806.14990234375,2837.89990234375,2897.300048828125,301774.0,2712.07421875,BAJAJ-AUTO,NSE
2019-06-21,2910.89990234375,2844.10009765625,2894.89990234375,2875.550048828125,529699.0,2691.714599609375,BAJAJ-AUTO,NSE
2019-06-24,2877.10009765625,2801.199951171875,2855.0,2816.89990234375,434882.0,2636.81396484375,BAJAJ-AUTO,NSE
2019-06-25,2853.949951171875,2786.0,2814.0,2843.699951171875,424591.0,2661.90087890625,BAJAJ-AUTO,NSE
2019-06-26,2881.35009765625,2814.0,2839.949951171875,2868.699951171875,265442.0,2685.302490234375,BAJAJ-AUTO,NSE
2019-06-27,2909.89990234375,2851.0,2867.25,2865.85009765625,621516.0,2682.634765625,BAJAJ-AUTO,NSE
2019-06-28,2869.0,2817.300048828125,2865.0,2827.050048828125,303973.0,2646.315185546875,BAJAJ-AUTO,NSE
2019-07-01,2920.14990234375,2836.199951171875,2838.39990234375,2911.949951171875,628760.0,2725.787353515625,BAJAJ-AUTO,NSE
2019-07-02,2927.949951171875,2864.0,2919.0,2883.550048828125,334846.0,2699.203125,BAJAJ-AUTO,NSE
2019-07-03,2910.0,2872.0,2900.0,2897.75,274468.0,2712.495361328125,BAJAJ-AUTO,NSE
2019-07-04,2909.0,2877.0,2900.0,2894.800048828125,249409.0,2709.73388671875,BAJAJ-AUTO,NSE
2019-07-05,2918.0,2826.949951171875,2898.0,2842.550048828125,324849.0,2660.824462890625,BAJAJ-AUTO,NSE
2019-07-08,2827.550048828125,2746.60009765625,2827.550048828125,2777.800048828125,363327.0,2600.2138671875,BAJAJ-AUTO,NSE
2019-07-09,2796.5,2755.0,2774.0,2786.39990234375,253454.0,2608.263671875,BAJAJ-AUTO,NSE
2019-07-10,2793.949951171875,2720.550048828125,2790.0,2740.39990234375,378373.0,2565.204833984375,BAJAJ-AUTO,NSE
2019-07-11,2724.5,2660.25,2720.0,2711.699951171875,653802.0,2595.15966796875,BAJAJ-AUTO,NSE
2019-07-12,2751.89990234375,2693.35009765625,2720.0,2722.550048828125,298498.0,2605.54345703125,BAJAJ-AUTO,NSE
2019-07-15,2754.0,2705.699951171875,2728.0,2714.0,299859.0,2597.36083984375,BAJAJ-AUTO,NSE
2019-07-16,2745.0,2678.0,2710.0,2732.449951171875,315367.0,2615.017822265625,BAJAJ-AUTO,NSE
2019-07-17,2735.75,2691.35009765625,2725.0,2696.89990234375,267305.0,2580.99560546875,BAJAJ-AUTO,NSE
2019-07-18,2711.85009765625,2621.10009765625,2700.0,2630.800048828125,365949.0,2517.736572265625,BAJAJ-AUTO,NSE
2019-07-19,2654.949951171875,2550.0,2640.0,2558.25,456542.0,2448.304443359375,BAJAJ-AUTO,NSE
2019-07-22,2609.949951171875,2514.449951171875,2560.0,2562.89990234375,407638.0,2452.754638671875,BAJAJ-AUTO,NSE
2019-07-23,2570.0,2515.199951171875,2569.0,2523.85009765625,602971.0,2415.383056640625,BAJAJ-AUTO,NSE
2019-07-24,2543.0,2482.0,2523.85009765625,2522.60009765625,481139.0,2414.186767578125,BAJAJ-AUTO,NSE
2019-07-25,2567.89990234375,2513.0,2526.449951171875,2547.0,549808.0,2437.537841796875,BAJAJ-AUTO,NSE
2019-07-26,2679.949951171875,2506.25,2547.0,2618.64990234375,2105536.0,2506.108642578125,BAJAJ-AUTO,NSE
2019-07-29,2590.0,2451.0,2590.0,2487.64990234375,1009207.0,2380.738525390625,BAJAJ-AUTO,NSE
2019-07-30,2515.0,2445.449951171875,2490.0,2463.85009765625,784779.0,2357.961669921875,BAJAJ-AUTO,NSE
2019-07-31,2536.0,2442.199951171875,2463.0,2516.5,651778.0,2408.3486328125,BAJAJ-AUTO,NSE
2019-08-01,2552.60009765625,2473.60009765625,2485.050048828125,2537.64990234375,625372.0,2428.589599609375,BAJAJ-AUTO,NSE
2019-08-02,2618.0,2478.14990234375,2517.10009765625,2600.550048828125,1021098.0,2488.78662109375,BAJAJ-AUTO,NSE
2019-08-05,2642.64990234375,2545.5,2565.0,2619.75,906097.0,2507.161376953125,BAJAJ-AUTO,NSE
2019-08-06,2649.0,2592.89990234375,2600.0,2609.800048828125,765470.0,2497.63916015625,BAJAJ-AUTO,NSE
2019-08-07,2635.5,2585.0,2635.5,2605.10009765625,459833.0,2493.14111328125,BAJAJ-AUTO,NSE
2019-08-08,2721.550048828125,2602.050048828125,2612.0,2703.75,592914.0,2587.55126953125,BAJAJ-AUTO,NSE
2019-08-09,2741.5,2685.0,2710.550048828125,2707.60009765625,673080.0,2591.23583984375,BAJAJ-AUTO,NSE
2019-08-13,2742.85009765625,2642.60009765625,2699.949951171875,2670.550048828125,706218.0,2555.7783203125,BAJAJ-AUTO,NSE
2019-08-14,2757.0,2672.0,2672.0,2713.89990234375,522580.0,2597.26513671875,BAJAJ-AUTO,NSE
2019-08-16,2760.0,2661.35009765625,2712.050048828125,2750.949951171875,600082.0,2632.72265625,BAJAJ-AUTO,NSE
2019-08-19,2773.0,2713.800048828125,2764.75,2725.5,461203.0,2608.36669921875,BAJAJ-AUTO,NSE
2019-08-20,2768.699951171875,2718.550048828125,2730.0,2742.949951171875,537366.0,2625.066650390625,BAJAJ-AUTO,NSE
2019-08-21,2771.5,2735.0,2745.949951171875,2764.800048828125,429633.0,2645.9775390625,BAJAJ-AUTO,NSE
2019-08-22,2775.0,2731.300048828125,2762.0,2744.25,428855.0,2626.310791015625,BAJAJ-AUTO,NSE
2019-08-23,2765.0,2714.14990234375,2743.949951171875,2749.14990234375,332505.0,2631.0,BAJAJ-AUTO,NSE
2019-08-26,2794.699951171875,2686.0,2794.699951171875,2736.800048828125,577286.0,2619.180908203125,BAJAJ-AUTO,NSE
2019-08-27,2798.39990234375,2745.10009765625,2754.0,2766.5,514940.0,2647.6044921875,BAJAJ-AUTO,NSE
2019-08-28,2813.949951171875,2750.550048828125,2760.0,2766.75,479960.0,2647.84375,BAJAJ-AUTO,NSE
2019-08-29,2786.75,2738.39990234375,2762.0,2757.800048828125,438739.0,2639.278564453125,BAJAJ-AUTO,NSE
2019-08-30,2796.89990234375,2726.14990234375,2766.10009765625,2788.300048828125,391007.0,2668.4677734375,BAJAJ-AUTO,NSE
2019-09-03,2805.10009765625,2757.60009765625,2775.300048828125,2764.199951171875,493182.0,2645.4033203125,BAJAJ-AUTO,NSE
2019-09-04,2788.449951171875,2725.0,2774.39990234375,2735.699951171875,340167.0,2618.128173828125,BAJAJ-AUTO,NSE
2019-09-05,2775.449951171875,2740.050048828125,2740.050048828125,2759.199951171875,383992.0,2640.6181640625,BAJAJ-AUTO,NSE
2019-09-06,2864.800048828125,2745.5,2772.89990234375,2839.35009765625,1005180.0,2717.32373046875,BAJAJ-AUTO,NSE
2019-09-09,2838.550048828125,2797.0,2809.0,2817.800048828125,471251.0,2696.699951171875,BAJAJ-AUTO,NSE
2019-09-11,2920.449951171875,2812.0,2838.89990234375,2908.39990234375,1253636.0,2783.406005859375,BAJAJ-AUTO,NSE
2019-09-12,2911.39990234375,2846.699951171875,2911.0,2852.199951171875,314580.0,2729.621337890625,BAJAJ-AUTO,NSE
2019-09-13,2889.0,2855.0,2860.0,2878.199951171875,355911.0,2754.50390625,BAJAJ-AUTO,NSE
2019-09-16,2887.699951171875,2850.0,2859.0,2874.449951171875,305963.0,2750.9150390625,BAJAJ-AUTO,NSE
2019-09-17,2875.85009765625,2762.550048828125,2874.800048828125,2773.14990234375,439334.0,2653.96875,BAJAJ-AUTO,NSE
2019-09-18,2819.0,2750.10009765625,2798.0,2777.050048828125,524048.0,2657.701171875,BAJAJ-AUTO,NSE
2019-09-19,2776.0,2721.449951171875,2773.0,2738.85009765625,228796.0,2621.142822265625,BAJAJ-AUTO,NSE
2019-09-20,3020.10009765625,2725.0,2730.0,2929.25,1423536.0,2803.360107421875,BAJAJ-AUTO,NSE
2019-09-23,3027.14990234375,2929.0,2956.10009765625,2995.14990234375,807027.0,2866.427734375,BAJAJ-AUTO,NSE
2019-09-24,3005.0,2929.199951171875,3001.0,2958.14990234375,479273.0,2831.017822265625,BAJAJ-AUTO,NSE
2019-09-25,2965.0,2910.0,2940.0,2941.0,439376.0,2814.60498046875,BAJAJ-AUTO,NSE
2019-09-26,2993.0,2935.0,2942.0,2970.300048828125,647497.0,2842.64599609375,BAJAJ-AUTO,NSE
2019-09-27,2989.550048828125,2936.14990234375,2964.0,2957.5,326785.0,2830.39599609375,BAJAJ-AUTO,NSE
2019-09-30,2974.949951171875,2902.5,2960.10009765625,2941.800048828125,384245.0,2815.370849609375,BAJAJ-AUTO,NSE
2019-10-01,2977.699951171875,2888.050048828125,2945.0,2910.0,546876.0,2784.937255859375,BAJAJ-AUTO,NSE
2019-10-03,2939.699951171875,2882.5,2915.0,2897.89990234375,292132.0,2773.357177734375,BAJAJ-AUTO,NSE
2019-10-04,2935.0,2855.0,2915.0,2863.550048828125,342652.0,2740.483642578125,BAJAJ-AUTO,NSE
2019-10-07,2900.050048828125,2854.949951171875,2859.89990234375,2892.300048828125,276023.0,2767.998046875,BAJAJ-AUTO,NSE
2019-10-09,2915.0,2877.75,2889.0,2891.85009765625,355878.0,2767.5673828125,BAJAJ-AUTO,NSE
2019-10-10,2932.0,2865.0,2881.0,2886.25,313632.0,2762.2080078125,BAJAJ-AUTO,NSE
2019-10-11,2925.0,2883.550048828125,2898.0,2898.800048828125,198610.0,2774.21875,BAJAJ-AUTO,NSE
2019-10-14,2975.0,2888.0,2889.10009765625,2958.050048828125,367105.0,2830.92236328125,BAJAJ-AUTO,NSE
2019-10-15,3029.89990234375,2953.449951171875,2964.0,3011.949951171875,636441.0,2882.505859375,BAJAJ-AUTO,NSE
2019-10-16,3050.0,3015.25,3035.0,3023.699951171875,572575.0,2893.750732421875,BAJAJ-AUTO,NSE
2019-10-17,3140.0,2995.0,3009.0,3111.5,707480.0,2977.777587890625,BAJAJ-AUTO,NSE
2019-10-18,3119.949951171875,3075.0,3119.0,3087.050048828125,398223.0,2954.37841796875,BAJAJ-AUTO,NSE
2019-10-22,3154.39990234375,3089.64990234375,3090.050048828125,3122.300048828125,379635.0,2988.113525390625,BAJAJ-AUTO,NSE
2019-10-23,3237.35009765625,3095.0,3122.39990234375,3162.64990234375,2111842.0,3026.729248046875,BAJAJ-AUTO,NSE
2019-10-24,3201.0,3143.449951171875,3165.0,3167.85009765625,656713.0,3031.705810546875,BAJAJ-AUTO,NSE
2019-10-25,3187.14990234375,3110.0,3187.14990234375,3129.64990234375,369730.0,2995.1474609375,BAJAJ-AUTO,NSE
2019-10-29,3198.64990234375,3137.35009765625,3145.0,3180.75,383452.0,3044.05126953125,BAJAJ-AUTO,NSE
2019-10-30,3229.39990234375,3173.10009765625,3199.39990234375,3222.89990234375,572787.0,3084.389892578125,BAJAJ-AUTO,NSE
2019-10-31,3255.0,3213.0,3229.699951171875,3247.35009765625,446046.0,3107.789306640625,BAJAJ-AUTO,NSE
2019-11-01,3289.0,3190.0,3250.0,3232.64990234375,748062.0,3093.720703125,BAJAJ-AUTO,NSE
2019-11-04,3248.25,3181.300048828125,3236.0,3212.050048828125,330025.0,3074.00634765625,BAJAJ-AUTO,NSE
2019-11-05,3255.699951171875,3191.14990234375,3225.0,3246.300048828125,305513.0,3106.7841796875,BAJAJ-AUTO,NSE
2019-11-06,3271.5,3214.75,3244.0,3248.300048828125,348652.0,3108.6982421875,BAJAJ-AUTO,NSE
2019-11-07,3277.0,3222.949951171875,3244.0,3265.85009765625,326912.0,3125.494140625,BAJAJ-AUTO,NSE
2019-11-08,3288.800048828125,3235.550048828125,3257.800048828125,3245.550048828125,483871.0,3106.06640625,BAJAJ-AUTO,NSE
2019-11-11,3254.0,3221.0,3238.0,3237.35009765625,278347.0,3098.218994140625,BAJAJ-AUTO,NSE
2019-11-13,3245.0,3190.800048828125,3230.0,3206.0,305804.0,3068.21630859375,BAJAJ-AUTO,NSE
2019-11-14,3244.550048828125,3191.10009765625,3205.0,3233.300048828125,310906.0,3094.343017578125,BAJAJ-AUTO,NSE
2019-11-15,3252.449951171875,3200.0,3240.0,3215.35009765625,311463.0,3077.16455078125,BAJAJ-AUTO,NSE
2019-11-18,3225.0,3146.75,3225.0,3156.89990234375,441118.0,3021.226318359375,BAJAJ-AUTO,NSE
2019-11-19,3171.5,3122.10009765625,3156.0,3161.050048828125,285669.0,3025.197998046875,BAJAJ-AUTO,NSE
2019-11-20,3168.89990234375,3130.5,3145.550048828125,3162.39990234375,238889.0,3026.489990234375,BAJAJ-AUTO,NSE
2019-11-21,3209.0,3144.0,3152.39990234375,3188.35009765625,347577.0,3051.324951171875,BAJAJ-AUTO,NSE
2019-11-22,3186.0,3133.5,3180.0,3152.35009765625,285777.0,3016.8720703125,BAJAJ-AUTO,NSE
2019-11-25,3206.300048828125,3105.199951171875,3152.35009765625,3195.64990234375,332892.0,3058.31103515625,BAJAJ-AUTO,NSE
2019-11-26,3228.0,3168.75,3199.89990234375,3178.14990234375,628851.0,3041.56298828125,BAJAJ-AUTO,NSE
2019-11-27,3217.25,3180.0,3188.14990234375,3212.050048828125,308282.0,3074.00634765625,BAJAJ-AUTO,NSE
2019-11-28,3216.75,3182.800048828125,3210.0,3196.39990234375,194094.0,3059.028564453125,BAJAJ-AUTO,NSE
2019-11-29,3196.0,3147.10009765625,3186.0,3176.0,203765.0,3039.505615234375,BAJAJ-AUTO,NSE
2019-12-02,3217.39990234375,3142.050048828125,3163.10009765625,3159.25,474666.0,3023.475341796875,BAJAJ-AUTO,NSE
2019-12-03,3270.0,3167.0,3167.0,3259.75,864612.0,3119.65625,BAJAJ-AUTO,NSE
2019-12-04,3278.0,3228.0,3259.75,3251.14990234375,458892.0,3111.42578125,BAJAJ-AUTO,NSE
2019-12-05,3286.39990234375,3225.85009765625,3240.0,3243.10009765625,692533.0,3103.721923828125,BAJAJ-AUTO,NSE
2019-12-06,3258.0,3193.10009765625,3243.10009765625,3206.10009765625,275871.0,3068.31201171875,BAJAJ-AUTO,NSE
2019-12-09,3239.85009765625,3202.300048828125,3223.89990234375,3225.550048828125,217098.0,3086.926025390625,BAJAJ-AUTO,NSE
2019-12-10,3240.0,3211.25,3230.0,3232.5,278890.0,3093.577392578125,BAJAJ-AUTO,NSE
2019-12-11,3274.85009765625,3220.050048828125,3240.14990234375,3268.64990234375,327568.0,3128.173583984375,BAJAJ-AUTO,NSE
2019-12-12,3283.300048828125,3256.60009765625,3276.300048828125,3261.449951171875,263581.0,3121.283203125,BAJAJ-AUTO,NSE
2019-12-13,3274.89990234375,3220.25,3274.89990234375,3232.89990234375,360095.0,3093.9599609375,BAJAJ-AUTO,NSE
2019-12-16,3280.0,3213.14990234375,3234.5,3220.39990234375,376835.0,3081.997314453125,BAJAJ-AUTO,NSE
2019-12-17,3231.699951171875,3194.39990234375,3225.0,3199.10009765625,336920.0,3061.61279296875,BAJAJ-AUTO,NSE
2019-12-18,3220.0,3192.199951171875,3199.050048828125,3213.64990234375,315871.0,3075.537353515625,BAJAJ-AUTO,NSE
2019-12-19,3232.0,3182.0,3206.0,3218.39990234375,409369.0,3080.083251953125,BAJAJ-AUTO,NSE
2019-12-20,3239.800048828125,3197.60009765625,3232.0,3203.75,304173.0,3066.06298828125,BAJAJ-AUTO,NSE
2019-12-23,3225.0,3184.5,3205.0,3219.5,242195.0,3081.135986328125,BAJAJ-AUTO,NSE
2019-12-24,3235.0,3210.0,3220.0,3226.75,172853.0,3088.074462890625,BAJAJ-AUTO,NSE
2019-12-26,3239.0,3204.0,3226.0,3230.050048828125,241386.0,3091.232666015625,BAJAJ-AUTO,NSE
2019-12-27,3258.0,3220.5,3221.25,3241.949951171875,211224.0,3102.62109375,BAJAJ-AUTO,NSE
2019-12-30,3260.0,3229.050048828125,3240.0,3251.949951171875,332557.0,3112.19140625,BAJAJ-AUTO,NSE
2019-12-31,3251.0,3175.550048828125,3251.0,3185.0,526252.0,3048.11865234375,BAJAJ-AUTO,NSE
