Symbol_1,Symbol_2,StartDate,EndDate,Correlation,PValue
HEROMOTOCO,BAJAJ-AUTO,2018-09-04,2018-12-03,0.8992558582077017,0.024984061040578365
HEROMOTOCO,BAJAJ-AUTO,2018-10-04,2019-01-02,0.905777416103583,0.013313997977828791
HEROMOTOCO,BAJAJ-AUTO,2019-05-17,2019-08-15,0.8964547215070842,0.04706536164505523
BEML,ESCORTS,2018-08-05,2018-11-03,0.9742136289006835,0.0036844568740401784
BEML,ESCORTS,2019-01-02,2019-04-02,0.925195555750883,0.008177105817756696
BEML,ESCORTS,2019-01-17,2019-04-17,0.9373804664032782,0.03141065366269872
BEML,ESCORTS,2019-02-01,2019-05-02,0.9283450661963789,0.028315496913639562
HMT,ASHOKLEY,2018-04-22,2018-07-21,0.8655152838657499,0.01033393120855801
HMT,ASHOKLEY,2018-05-07,2018-08-05,0.8708475158662167,0.030407020444039184
HMT,ASHOKLEY,2018-11-18,2019-02-16,0.913196218016419,0.02140137145761027
HMT,TATAMOTORS,2018-04-07,2018-07-06,0.8909971975509562,0.03360530954151301
HMT,TATAMOTORS,2018-04-22,2018-07-21,0.9474083460176648,0.00010911145720989004
HMT,TATAMOTORS,2018-05-07,2018-08-05,0.9435732387276381,0.0004587883980231907
HMT,TWL,2018-02-06,2018-05-07,0.9055629282837441,0.004066893013987751
HMT,TWL,2018-02-21,2018-05-22,0.8701670988581373,0.002744040321230635
HMT,TWL,2018-03-08,2018-06-06,0.8746397260294435,0.0007296368560580243
HMT,TWL,2018-04-07,2018-07-06,0.8915013307199409,0.025974632921706625
HMT,TWL,2018-04-22,2018-07-21,0.919269639410097,0.009421415737794859
HMT,TATAMTRDVR,2018-04-22,2018-07-21,0.9046748285191677,0.010572193012916668
HMT,TATAMTRDVR,2018-05-07,2018-08-05,0.9468395976612963,0.0002674713240648051
ASHOKLEY,TATAMOTORS,2018-08-05,2018-11-03,0.8791071406195108,0.01084141166618148
ASHOKLEY,TWL,2018-04-22,2018-07-21,0.9262068573310908,0.02359877194152943
ASHOKLEY,TWL,2018-08-05,2018-11-03,0.8946671385135223,3.704306222190469e-05
ASHOKLEY,TATAMTRDVR,2018-08-05,2018-11-03,0.8758173670105514,0.006462923992657548
ASHOKLEY,TATAMTRDVR,2019-05-17,2019-08-15,0.9603051588680733,0.0317658452151554
ESCORTS,TATAMOTORS,2019-04-17,2019-07-16,0.9591917213417809,0.027553926387617417
TATAMOTORS,TWL,2018-01-07,2018-04-07,0.9712245817108759,0.0008146043876967773
TATAMOTORS,TWL,2018-01-22,2018-04-22,0.9342580395992478,0.04961880162782846
TATAMOTORS,TWL,2018-04-07,2018-07-06,0.8804666593076292,0.038088799394420725
TATAMOTORS,TWL,2018-04-22,2018-07-21,0.8965966995582544,0.03080184036325445
TATAMOTORS,TATAMTRDVR,2018-01-07,2018-04-07,0.9932556894666381,0.010474150990770087
TATAMOTORS,TATAMTRDVR,2018-01-22,2018-04-22,0.9917503849657839,0.04025104084542279
TATAMOTORS,TATAMTRDVR,2018-02-06,2018-05-07,0.9873492437251823,0.0038490961093720025
TATAMOTORS,TATAMTRDVR,2018-05-07,2018-08-05,0.9704927316219307,0.02187122711829476
TATAMOTORS,TATAMTRDVR,2018-08-20,2018-11-18,0.997398098130416,0.029931824305522922
TATAMOTORS,TATAMTRDVR,2018-09-19,2018-12-18,0.9962299709018605,0.01646028236316601
TATAMOTORS,TATAMTRDVR,2019-05-17,2019-08-15,0.9929313269558798,0.02140234650932942
